file,merchant,date,time,currency,category,subtotal_orig,tax_orig,total_orig,subtotal_usd,tax_usd,total_usd,payment_method,items,ocr_text_preview,ocr_lang
012.jpg,,,,,,,,,,,,,[],"ode
amer
cadress
GST-No:
ESHR
WT51129
V236-BK 12WAWV
5:29
CRACK LIGHTS
25:43 RN
190.57
SR
52683
9334)
ERN 155:66
SRA
CH50688
ETER:
TRACK-BRE
99 UNT COP RM 1612
PRISO 80 CONTR
W LCN00211
UNIT
Tenorsans",auto
000.jpg,,,,,,,,,,,,,[],"tan chay yee
*** COPY ***
OJC MARKETING SDN BHD
ROCNO: 538358-H
NO 2 BA JALAN BAYUAL
BANDAR SERI ALANLA
81750 MASAL, JOHOR
iTel:oZ:388 2218 Fax:07:388 8218
Emailing @oigroup.com
ETAX INVOICE:
Invoice ",auto
