file,merchant,date,time,currency,category,subtotal_orig,tax_orig,total_orig,subtotal_usd,tax_usd,total_usd,payment_method,items,ocr_text_preview
000.jpg,OJC MARKETING SDN BHD,2019-01-15,11:05:16,MYR,Retail,193.0,0.0,193.0,46.32,0.0,46.32,VISA,"[{""name"": ""KINGS SAFETY SHOES KWD 805"", ""qty"": 1, ""unit_price"": 193.0, ""total_price"": 193.0}]","tan chay yee
*** COPY ***
OJC MARKETING SDN BHD
ROCNO: 538358-H
NO 2 BA JALAN BAYUAL
BANDAR SERI ALANLA
81750 MASAL, JOHOR
iTel:oZ:388 2218 Fax:07:388 8218
Emailing @oigroup.com
ETAX INVOICE:
Invoice "
001.jpg,OJO MARKETING ISDN BHD,2019-01-02,14:47:14,MYR,Retail,150.0,20.0,170.0,36.0,4.8,40.8,VISA,"[{""name"": ""KINGS SAFETY SHOES"", ""qty"": 1, ""unit_price"": 150.0, ""total_price"": 150.0}]","tan chay yee
OJO MARKETING ISDN BHD
ŘÖCNo 538358}H
NO 2 & 4,3ALAN BAYU 4,
BANDAR SERT ALAM,
81750 MASAI JOHOR:
:Tel:07 388 2218 Fax:07,388:8218
-Email: ng@olegroup.com
cashi BIll
Invoice No.:
PEGIV-10"
002.jpg,PERNIAGAAN ZHENG HUI,,08:32:00,MYR,Hardware & Tools,411.5,20.65,432.15,98.76,4.956,103.716,CASH,"[{""name"": ""SR CERAUX CAP"", ""qty"": 1, ""unit_price"": 3.2, ""total_price"": 3.6}, {""name"": ""SR: SISTEEL 1/Z STREET ELDOW"", ""qty"": 1, ""unit_price"": 85.0, ""total_price"": 85.0}, {""name"": ""EE M TANYELORED EA TUNGSTEN ROO"", ""qty"": 1, ""unit_price"": 43.0, ""total_price"": 43.0}, {""name"": ""SAL ESCUT A' CUTII DISC (IBOXI\u00c9DAGS"", ""qty"": 1, ""unit_price"": 86.0, ""total_price"": 86.0}, {""name"": ""STZTY"", ""qty"": 4, ""unit_price"": 10.0, ""total_price"": 40.0}, {""name"": ""WELDING GLOVE-GREENIG"", ""qty"": 1, ""unit_price"": 45.6, ""total_price"": 45.6}]","•
•
•
•
.•
•
•
•
Ansoza
PERNIAGAAN ZHENG HUI
SN10328355-V
NOSA JALAN PERMAS 95
BANDAR BARU PERMUS JAYA
BIT8O JOHOR BAHRU
TEL:07-3857524 FNX: 07-3883753
CSTND: 000E005851824
SIMPLIFIEO TAX INVOICE
GÖKA"
003.jpg,Store,2018-02-01,16:43:17,INR,Other,,,,,,,,"[{""name"": ""i double mint te"", ""qty"": null, ""unit_price"": null, ""total_price"": null}, {""name"": ""A sandy ich van i Th"", ""qty"": null, ""unit_price"": null, ""total_price"": null}]","001240360405
TAX INVOICE
TAX INVOICE NO: 19729058.
Store
129077
201/02/2018
4:43:17 PH
i double mint te
A sandy ich van i Th
IGST RMA
Slotal RinG, GST
- Babu
06
0128
06
23:00
moun"
004.jpg,MFY,2018-01-19,17:09:21,MYR,Food & Beverage,38.9,,51.0,9.336,,12.24,CASH,"[{""name"": ""M. SpicyDeluxe"", ""qty"": 2, ""unit_price"": 25.4, ""total_price"": null}, {""name"": ""M Coke"", ""qty"": 2, ""unit_price"": null, ""total_price"": null}, {""name"": ""M. Fries"", ""qty"": 2, ""unit_price"": null, ""total_price"": null}, {""name"": ""GrilChicBgr"", ""qty"": 1, ""unit_price"": 12.5, ""total_price"": null}, {""name"": ""Coke"", ""qty"": 1, ""unit_price"": null, ""total_price"": null}, {""name"": ""Fries"", ""qty"": 1, ""unit_price"": null, ""total_price"": null}, {""name"": ""A Small Cone"", ""qty"": 1, ""unit_price"": null, ""total_price"": null}]","MFY Side
INVA
2141900016842
ORD: #90/-REG #19-418/01/2018 17:09:21
QTYJITEM
TOTAL
2. M. SpicyDeluxe
25.40
F22 M Coke
2M. Fries
M1 GrilChicBgr
i12:50*
1M Coke
1-M Fries
A Small Cone
Takeout Total (inci"
005.jpg,PRO AMMA DENLIME,2016-02-05,,MYR,Food & Beverage,5.0,,6.65,1.2,,1.596,CASH,"[{""name"": null, ""qty"": 1, ""unit_price"": 5.0, ""total_price"": 5.0}]","CASH CUSTOMER
nvoice No:
DEle
Cashier*
TAX, IVOICE SE
H0003939
05/02/2016
RMb
:0075
PRO AMMA DENLIME
:000 PC%
6023# GARDEN
1a0 Pr
5.000
Subtotal
6.65"
006.jpg,ROSS CHANNEL NETWORK SDNA BHD,2018-01-29,,MYR,Retail,150.0,6.0,156.36,36.0,1.44,37.5264,,"[{""name"": ""SCHNEIDER E15R 13A SWITCH"", ""qty"": 1, ""unit_price"": 6.366, ""total_price"": 6.366}, {""name"": ""SOCKET OUTLET"", ""qty"": 1, ""unit_price"": 6.0, ""total_price"": 6.0}]","ROSS CHANNEL NETWORK SDNA BHD:
47, JALAN MERANTI 1) SEK. 3,
BANDAR UTAMA BATANG KALI,
44300 BATANG KALI, SELANGOR
Tel: 03-6057 9688 Fax: 03-6057 9678
OST ID : 001151500288
*Tax Involce
Nố.: BTG:052332"
007.jpg,CROSS CHANNEL,2017-12-02,10:33:59,MYR,Retail,7.5,0.45,7.95,1.8,0.108,1.908,,"[{""name"": ""ISA PVC CONNECTOR"", ""qty"": 1, ""unit_price"": 1.8, ""total_price"": 1.91}, {""name"": ""CABLE CUPS"", ""qty"": null, ""unit_price"": 3.5, ""total_price"": null}, {""name"": ""A1PVCNUT BOX"", ""qty"": null, ""unit_price"": 0.5, ""total_price"": null}]","CROSS CHANNEL NE
47,CALAN MERANTL
•BANDAR UIAMA BATAN
144300, BATANG KALI, SELA
Tel : 03-6057 9688 Fax : 03:603
GSTID: 001151500288 T
Tax Ingi.No. вт9:05
LO1100O RVCCONDUTPRE Y BATE
017002
ISA PVC CON"
008.jpg,Bandark,2018-07-11,06:07:00,MYR,Other,23.0,,23.0,5.52,,5.52,CASH,"[{""name"": ""Ante"", ""qty"": 1, ""unit_price"": null, ""total_price"": null}, {""name"": ""20X50 BEG31KG91X30"", ""qty"": 1, ""unit_price"": null, ""total_price"": null}, {""name"": ""220X30 KG"", ""qty"": 1, ""unit_price"": null, ""total_price"": null}, {""name"": ""8:00V2"", ""qty"": 1, ""unit_price"": null, ""total_price"": null}, {""name"": ""8:00"", ""qty"": 1, ""unit_price"": null, ""total_price"": null}, {""name"": ""00"", ""qty"": 1, ""unit_price"": null, ""total_price"": null}, {""name"": ""0:45"", ""qty"": null, ""unit_price"": null, ""total_price"": null}]","(112
830:
caalan
ahagi
sekysen
Bandark
tama
144300
Kati
Selangor
03-6057 1377
TAM INOICE
GOSTO Na
002017808384)
08701/2018
Cashier
$23
11-07:06
No: 0100080332
Item/Desc--
Ante
20X50 BEG31KG91X30)5
220"
009.jpg,CRACK LIGHTS,,25:43,MYR,Retail,190.57,,263.025,45.7368,,63.126,,"[{""name"": ""99 UNT COP"", ""qty"": null, ""unit_price"": 16.12, ""total_price"": null}, {""name"": ""PRISO 80 CONTR"", ""qty"": null, ""unit_price"": null, ""total_price"": null}]","ode
amer
cadress
GST-No:
ESHR
WT51129
V236-BK 12WAWV
5:29
CRACK LIGHTS
25:43 RN
190.57
SR
52683
9334)
ERN 155:66
SRA
CH50688
ETER:
TRACK-BRE
99 UNT COP RM 1612
PRISO 80 CONTR
W LCN00211
UNIT
Tenorsans"
010.jpg,SUHEAT,,08:30:00,,Food & Beverage,200.0,,,,,,,[],"E NG OẬT
SUHEAT
8 30
200.00"
011.jpg,PARK-DURN,2018-03-23,15:27:00,,Parking,,,,,,,CASH,[],"RECELPI
613
Receipt Number:
KO131800235097
¡ENTRY
TIME:
23.03.18
'EXIT TIME:
23:0318
PARK-DURN
14:59
15:27
0:00:28
KIND OF PAYMENT:
CASH."
012.jpg,CRACK LIGHTS,,15:29,MYR,Retail,190.57,,263.025,45.7368,,63.126,,"[{""name"": ""PRISO 80 CONTR"", ""qty"": null, ""unit_price"": null, ""total_price"": null}, {""name"": ""99 UNT COP"", ""qty"": null, ""unit_price"": 1612, ""total_price"": null}]","ode
amer
cadress
GST-No:
ESHR
WT51129
V236-BK 12WAWV
5:29
CRACK LIGHTS
25:43 RN
190.57
SR
52683
9334)
ERN 155:66
SRA
CH50688
ETER:
TRACK-BRE
99 UNT COP RM 1612
PRISO 80 CONTR
W LCN00211
UNIT
Tenorsans"
013.jpg,OLDTOWN WHITE COFFEE,2018-03-22,12:44:00,MYR,Food & Beverage,25.94,1.53,30.24,6.2256,0.3672,7.2576,,"[{""name"": ""BR10 Stm Ginger R"", ""qty"": null, ""unit_price"": null, ""total_price"": null}, {""name"": ""TF2 (H) Teh Tarik:"", ""qty"": null, ""unit_price"": null, ""total_price"": null}, {""name"": ""HS4"", ""qty"": null, ""unit_price"": null, ""total_price"": null}, {""name"": ""SN5 Curry Mee"", ""qty"": null, ""unit_price"": null, ""total_price"": null}, {""name"": ""TEZ\""(C)-Lemon T"", ""qty"": null, ""unit_price"": 13.87, ""total_price"": null}]","OLDTOWN WHITE COFFEE
Old Town Kopitian Sdn Bhd (716269-X)
Sri Rampai
Tel: 03-4148 1876
she Guest Check
THISSIS NOTEA RECEIPT**
GST ID:000801587200
: 4 COUNTER3
Check: 37617)
2009 LIZA
i Cover:i
22 Mar"
014.jpg,UROKO JAPANESE CUISINE SDN BHD,2018-03-20,18:41:02,MYR,Food & Beverage,46.0,3.0,53.0,11.04,0.72,12.72,CASH,"[{""name"": ""KO NABE INANIWA UDON"", ""qty"": 1, ""unit_price"": 24.0, ""total_price"": 24.0}, {""name"": ""GREEN TEA"", ""qty"": 1, ""unit_price"": 1.0, ""total_price"": 1.0}, {""name"": ""GYOZA 5pcs"", ""qty"": 1, ""unit_price"": 15.0, ""total_price"": 15.0}, {""name"": ""GARLIC CHAHAN"", ""qty"": 1, ""unit_price"": 6.0, ""total_price"": 6.0}]","Teff Pio Zpoys.
UROKO JAPANESE CUISINE SDN BHD:
22A-1, JALAN 17/54,
SECTION 17
46400 PETALING JAYA,
-SELANGOR.
03-7932 1023/0191
GST Reg No: 001126838272
Bill Nö
Date
Cashiei
Table No
01H-25029
:20/03"
015.jpg,TEO HENG STATIORER & BOOKS,2018-01-27,,MYR,Retail,25.8,1.55,27.35,6.192,0.372,6.564,CASH,"[{""name"": ""DOUBLE SIDE FOAM TAPE 18MA"", ""qty"": 1, ""unit_price"": 2.74, ""total_price"": 2.74}, {""name"": ""CANIS SQ BOOK 200"", ""qty"": 1, ""unit_price"": 5.2, ""total_price"": 5.2}, {""name"": ""EADLE F1 200 FOOLSCAP BOOK"", ""qty"": 1, ""unit_price"": 4.09, ""total_price"": 4.09}, {""name"": ""EAGLE F4 120 NUMBERING FOOLSCAP BOOK"", ""qty"": 1, ""unit_price"": 25.6, ""total_price"": 25.6}]","-
*.
TEO HENG STATIORER & BOOKS
• 1291
ST Na. 100036177385
-ESTAPINITEN TAS
CASH
RoceiptNo.: CS1808/27175
sto: 27/01/201B
(R30
3. 80•
1365
3.90
4.09
- DOUBLE SIDE FOAM TAPE 18MA
8557360505128
2.74
4.0"
016.jpg,TED HENG STATIDERY A BILKS,2018-03-15,,MYR,Retail,120.0,7.2,127.2,28.8,1.728,30.528,CASH,"[{""name"": ""ARTLINE"", ""qty"": null, ""unit_price"": null, ""total_price"": 120.0}]","TED HENG STATIDERY A BILKS
SAT AND 00.
ESSIPLIAR TAKINVOICEE
CS180328317 Id: 15032018
AUNT
(RAD
270 7.41
120.00.
ARTLINE TO
Toil (y.:
SUB-TOTAL (8X)
TOTAS. TAX
ROUNDINO
TOTAL.
CASIE
CHANGE
120.00
•.
1"
017.jpg,Ted Hene Stationery E Books,2018-01-29,10:06:00,MYR,Retail,6.0,0.06,6.06,1.44,0.0144,1.4544,CASH,"[{""name"": ""Carbon Paper"", ""qty"": 2, ""unit_price"": 1.0, ""total_price"": 2.0}]","TED HENE STATIONERY E BOOKS
(0014Б 637-м)
NONSS LALAN BESAR, 45600 BATANG BERTUNTAT
SELANGOR DAROL EHSAN:
:TEL F03.3271.2672
FAX: 03-32719481
GST No. 000689913856
SIMIRAND
CASH
Receipt No: CS1801/2722"
018.jpg,STVÇ ENTERPRISE,2018-01-02,,MYR,Retail,4.2,0.0,5.2,1.008,0.0,1.248,CASH,"[{""name"": null, ""qty"": 1, ""unit_price"": 4.2, ""total_price"": 4.2}]","нЕри5
STVÇ ENTERPRISE SONDHD
(1(2283(-4)
B.* 30, Jalar Ijok Pereal 1,
Pusat Niaga Ijck Persal,
48000 Fiok, Selangor.
TAX II/OICE
(BST 1D 19. s 002017008324)
02/01/2018
Castlari 128
10346155
N0:0100036"
019.jpg,F&P PHARMACY,2018-03-02,16:46:00,MYR,Healthcare,30.68,1.22,31.9,7.3632,0.2928,7.656,CASH,"[{""name"": ""HOMECARE GASCOAL 50MG"", ""qty"": 1, ""unit_price"": 5.667, ""total_price"": 5.67}, {""name"": ""P.P NAPROXEN NA 275 MG"", ""qty"": 1, ""unit_price"": 6.0, ""total_price"": 6.0}, {""name"": ""YE\u0130 LOW COTION 30 MI"", ""qty"": 1, ""unit_price"": 3.58, ""total_price"": 3.58}, {""name"": ""PANAD\u00d6L SOL\u00dcBLE TABLET"", ""qty"": 1, ""unit_price"": 6.13, ""total_price"": 6.13}, {""name"": ""PMS GAUZE BANDAGE 5CM X AM"", ""qty"": 1, ""unit_price"": 5.0, ""total_price"": 5.0}, {""name"": ""DETTOL SO ML"", ""qty"": 1, ""unit_price"": 6.0, ""total_price"": 6.0}]","3-1707067
F&P PHARMACY
(002309592-P):
NO'20, GROUNDFLOOR
JALAN BSA0IG TAMAN BÜKIT SERDANG
SEKSYEN 10 43300 SERI KEMBÄNGAN
SELANGOR DARUL EHSAN
TEL 03-89599823
GST Reg NO (001880666112.
TAX INVOICE
Dor"
020.jpg,UNHAKKA INTERNATICHAL SENI SHD,,,MYR,Food & Beverage,46.71,2.79,49.5,11.2104,0.6696,11.88,CASH,"[{""name"": ""Pryrsart Modi"", ""qty"": 1, ""unit_price"": 1.19, ""total_price"": 1.19}, {""name"": ""crarigo"", ""qty"": 1, ""unit_price"": 7.1, ""total_price"": 7.1}, {""name"": ""Toco"", ""qty"": 1, ""unit_price"": 1.8, ""total_price"": 1.8}, {""name"": ""Toca irasure"", ""qty"": 1, ""unit_price"": 54.2, ""total_price"": 54.2}, {""name"": ""DNR WANG RICE"", ""qty"": null, ""unit_price"": null, ""total_price"": null}]","-'.
•. •
..
_A03026
UNHAKKA INTERNATICHAL SENI SHD'
•07Hx77141122
(86731517)
'12, Jatan Tempal 74. Kemasan Perindursten
Terpo l1200 Johor Betrutshor
TAX AVOICE:
imoica o: OR18330702170417
TER 15010030"
021.jpg,WIHAKKA INTERNATIOHAL SON,2016-03-07,15:03:50,MYR,Food & Beverage,157.1,0.0,157.1,37.704,0.0,37.704,CASH,"[{""name"": ""BAR WAND RICE"", ""qty"": 1, ""unit_price"": null, ""total_price"": 157.1}]","•
•
4,
:
=
•
: A03052
WIHAKKA INTERNATIOHAL SON SY
Mar 2016 t5:
(60733127)
12. evan Tançol 7/4 KamseenPorndvitien' •
Tampol 01200 scta Basnetshor
•TAXDIVOKE
Armica r: OR18C31302175411,
57.10
BA 10U100"
022.jpg,PASAR KIAT JIW SEDX,2018-03-03,10:18:00,MYR,Grocery,33.8,0.72,34.52,8.112,0.1728,8.2848,,"[{""name"": ""V STAD PO 2500"", ""qty"": null, ""unit_price"": null, ""total_price"": 13.6}, {""name"": ""BOTAK IKHH SARDIK"", ""qty"": null, ""unit_price"": null, ""total_price"": 20.2}, {""name"": ""CAT CHAES"", ""qty"": null, ""unit_price"": null, ""total_price"": 3}]",":
•.
r.
: *
•
•.a
110305"")
• PASAR KIAT JIW SEDX
79, JALAX PERHAS SAT!
BADAR BARL PERMAS MAYA
81750 PLENTOXG,
• J-R.
TEL : 07-3874904
с0. L0. JN0195358-0
OST NO. 000150511916)
03/03/1B,
15,00 ZR
EGETA"
023.jpg,Aeon Tebrau City,,,MYR,Food & Beverage,45.9,2.8,48.7,11.016,0.672,11.688,CASH,"[{""name"": ""Grean Te"", ""qty"": 1, ""unit_price"": 1.5, ""total_price"": 1.5}, {""name"": ""Yakiniku Bon 8"", ""qty"": 1, ""unit_price"": 12.0, ""total_price"": 12.0}, {""name"": ""Hiso/lakaza+\u00fcreen Tea"", ""qty"": 1, ""unit_price"": 13.8, ""total_price"": 13.8}, {""name"": ""Kiso Soup"", ""qty"": 1, ""unit_price"": null, ""total_price"": null}]","•
...
:""
AB3064
41 dean Tebrau CIt
SIT7, Second Floor,
Aeon Tebrau City.
* TAX: INVOICE *
Order 1b.
Receipt 10.: 003-122022
zig i/0/318 0x: P
Cashler
Cathlar
Eat In
Çty
UP Too
Attent Tax
G-A0001
Grean"
024.jpg,TONY ROSAS,,05:16:55,MYR,Food & Beverage,231.06,23.1,269.4,55.4544,5.544,64.656,,"[{""name"": ""T A STRIP"", ""qty"": null, ""unit_price"": null, ""total_price"": 67.67}, {""name"": ""IR ROASTED VEGE"", ""qty"": null, ""unit_price"": null, ""total_price"": 15.25}, {""name"": ""BAKED POTATO"", ""qty"": null, ""unit_price"": null, ""total_price"": null}, {""name"": ""I IN STRIP"", ""qty"": null, ""unit_price"": null, ""total_price"": null}, {""name"": ""Nedius Hell"", ""qty"": null, ""unit_price"": null, ""total_price"": null}, {""name"": ""ER ROASTED VEGE"", ""qty"": null, ""unit_price"": null, ""total_price"": null}, {""name"": ""ICE LATTE"", ""qty"": null, ""unit_price"": null, ""total_price"": null}, {""name"": ""PEPSI"", ""qty"": null, ""unit_price"": null, ""total_price"": null}]","81100 JOHAR BARU.
Tel: 07-3510749:
Kebsite: wni.tonyrosas.com.my
EST ID: 000436699135
2 TRI
*1014 FAZLIN
Chi: 65991
' Gunsis
03 Kar is 05:16:55 FM
TBL43 / 1.
T A STRIP
.....
67.67 S
Kediua Kell
67.67,"
025.jpg,UNTHAKKA INTERNATIONAL,2016-03-26,16:14:00,USD,Food & Beverage,1.1,,1.2,1.1,,1.2,CASH,"[{""name"": null, ""qty"": null, ""unit_price"": 1.1, ""total_price"": 1.1}]","..
•
:
A03j>8
UNTHAKKA INTERNATIONAL SON BHO
,26 Mer 201a 16:14,
:12, delen Tempel 31XAmen Patidutten
Tempol 1200 Jehor batsulohet
TAX INVOKE
Ircice f : OR1 032807170024
3.0021 Vepsets.
$1.10
Total
;f"
026.jpg,YONG TAT HARKABE TRADING,2018-02-13,12:11:50,MYR,Retail,82.0,4.0,87.02,19.68,0.96,20.8848,CASH,"[{""name"": ""CASKET GPO1"", ""qty"": 1, ""unit_price"": 72.0, ""total_price"": 72.0}, {""name"": ""TONGST"", ""qty"": 1, ""unit_price"": 4.08, ""total_price"": 4.08}]","•
• .
,
d:
!*:
=
YONG TAT HARKABE TRADING
BIO 4 JALAN PERJIRALAN 10,
TANAN AUR BIRU:
81700 PASIA GUDAHA:.
JOHOR
TEL :07-2514733
FAX: 07-2314733
YONGTATOS @YAHOO.COMHY
GBT ID; 001370342056
JATAYR.
Doc "
027.jpg,Triple Six Point Enterprise,,,MYR,Food & Beverage,8.8,,22.6,2.112,,5.424,Cash,"[{""name"": ""Apollo cake"", ""qty"": 1, ""unit_price"": 0.5, ""total_price"": 0.5}, {""name"": ""FOO TOYA"", ""qty"": 1, ""unit_price"": null, ""total_price"": null}, {""name"": ""To Cashew"", ""qty"": 1, ""unit_price"": 1.9, ""total_price"": 1.8}]","•.
...
•
•
•
703133""
Triple Six Poind Enterpriso 666
No 14816 Jaian Formas 43 Bandar Daru Permes Joye:
Tel: 018-7674066
•
Paymont Types Cash
OTY TENi MeElNa: FOO TOYA.
Ix VS'Awisoom!
1x Apollo cake
or"
028.jpg,UNHAKKA INTERNATIONAL SON EHD,2018-03-25,15:50:00,MYR,Other,,,0.0,,,0.0,,[],"•
:
-
• .:
..:
•
UNHAKKA INTERNATIONAL SON EHD'
25 Mar 20181220
(807348-45)
2, Jean Tarpal 7M Xemen Pachdette
Tamped 1200 Jahar tabulohor
TAXINVONE
risked: OR18C3253217418
Lim
Tain
15:50
Chango.
-
Ast"
029.jpg,UNHARA NOMENONAL SON DHO,,,MYR,Other,84.6,,263.0,20.304,,63.12,CASH,"[{""name"": null, ""qty"": null, ""unit_price"": null, ""total_price"": null}]",":
!
..°
lo'
A03119
* UNHARA NOMENONAL SON DHO
(867324-47)
12, Jelen Tempol 7M Konasan Perhouten
TempoLe 1280 Jahar Barnelotoe
TAXINVOKE.
*Suck@220 0200212471
84.60
Total
inos
• Total Amount $263
49T G"
030.jpg,CONTENTO,2018-03-20,17:19:00,MYR,Food & Beverage,23.9,,23.9,5.736,,5.736,CASH,"[{""name"": ""ubie M"", ""qty"": 1, ""unit_price"": 3.9, ""total_price"": 3.9}, {""name"": ""Tao MT"", ""qty"": 1, ""unit_price"": 1.5, ""total_price"": 1.5}, {""name"": ""LIO CH"", ""qty"": 1, ""unit_price"": 1.0, ""total_price"": 1.0}, {""name"": ""CASI CILINE RY"", ""qty"": 1, ""unit_price"": 1.2, ""total_price"": 1.2}]","•
:
."",
:
.•
:
E,
:
A03125
CONTENTO (*K0761170-L)
15. JALAN FERNAS 10/7. PERTUS
B1750 MASAI JOHCR.»""
w .20/03/1817:19 0000002001429.
2 3.90 (072)
ubie M 1
1k 1. 50
Tao MT.
(r 1.00 Lsrack)
LIO CH
Ix 3 "
031.jpg,BENS INDEPENDENT GROCER SDN. BHD,2018-03-09,18:08:53,MYR,Grocery,100.94,6.06,107.0,24.2256,1.4544,25.68,CASH,"[{""name"": ""Evian Mineral W\u00e4ter 6x1,25L"", ""qty"": 2, ""unit_price"": 53.5, ""total_price"": 107.0}, {""name"": ""Fresh Cut Honey Jackfruit Peeled 400g"", ""qty"": 3, ""unit_price"": 8.9, ""total_price"": 26.7}]","BIC
BENS INDEPENDENT GROCER SDN. BHD:
(913144-A)
Lot 6, Jalan Batal,
Plaza: Batal, Damansara Heights
50490, Küala Lumpur
T:: 03-2093 7358 | F: 03-2093:7359
(GST REG NO 000243941376)
Tax Invoice :BATO1"
032.jpg,Bens Independent Grocer,2018-03-08,18:20:41,MYR,Grocery,81.0,4.86,85.86,19.44,1.1664,20.6064,Debit,"[{""name"": ""Dole Pineapple"", ""qty"": 3, ""unit_price"": 7.9, ""total_price"": 23.7}, {""name"": ""Farmhouse Fresh Milk Twin Pack 2x1L"", ""qty"": 1, ""unit_price"": 19.9, ""total_price"": 19.9}, {""name"": ""Fresh Cut Honeyeikfruit Peeled"", ""qty"": 1, ""unit_price"": 26.7, ""total_price"": 26.7}, {""name"": ""Nestle Bliss Yog Drink Strawberry 700g"", ""qty"": 1, ""unit_price"": 5.8, ""total_price"": 5.8}, {""name"": ""Vitagen Assorted 5x125ml"", ""qty"": 1, ""unit_price"": 4.9, ""total_price"": 4.9}]","BIC
BENS INDEPENDENT GROCER SON. BHO:
:(913144-A)*
Lot 6, Jalan Batal,,
Plaza: Batai, Damansara Heights
50490, Kuala Lumpur
T: 03-2093 7358 | F: 03-2093 7359
(GST REG NO 000243941376)
Tax Invoice: BAT"
033.jpg,Speed Hart S/B,2018-03-10,14:27:00,MYR,Retail,5.05,0.3,5.35,1.212,0.072,1.284,CASH,"[{""name"": ""Sunquick Oren 330ML"", ""qty"": 1, ""unit_price"": 5.0, ""total_price"": 5.0}]","=
99 SPEED HART S/B (519537-3)
LOT P.T. 2811, JALAN ANGSA:
TAMAN BERKELEY.
41150 KLANG, SELANGOR
1572-TMN OKT PANDAN
GST ID: NO: 000181747712
INVOICE NO: 18332/103/T0157
02:27PM
570285
- 104 SUNQUICK "
034.jpg,"STAR GROCER SON, BHD",2018-03-25,13:43:01,MYR,Grocery,66.17,0.0,67.0,15.8808,0.0,16.08,CASH,"[{""name"": ""CARROT S/M 500GM CH (PKT)"", ""qty"": 1, ""unit_price"": 1.8, ""total_price"": 1.8}, {""name"": ""JAMBU BATU (GUAVA SEEDLESS/. MUTIARA)"", ""qty"": 1, ""unit_price"": 6.92, ""total_price"": 6.92}, {""name"": ""MANGO HONEY (SUSU)"", ""qty"": 1, ""unit_price"": 4.91, ""total_price"": 4.91}, {""name"": ""PINEAPPLE LOCAL 1S"", ""qty"": 2, ""unit_price"": 8.6, ""total_price"": 17.2}, {""name"": ""TIMUN JEP\u00dcN (JAPANESE C\u00dcCUMBER)"", ""qty"": 1, ""unit_price"": 1.29, ""total_price"": 1.29}, {""name"": ""US GREEN APPLE (175)"", ""qty"": 1, ""unit_price"": 7.5, ""total_price"": 7.5}, {""name"": ""VALENCIA SA (105)"", ""qty"": 4, ""unit_price"": 5.9, ""total_price"": 23.6}]","STAR GROCER SON, BHD (1171881-W):
No 4, Desa Pandany Off kampong Pandans:
55100 Kuala Lumpur
(GST REG NO: 000915943424)
Tax Invoicesi
Tax Invoice: DSPO5201803250022
Cashier: Raja Nur
CARROT S/M 500GM "
035.jpg,RI COUNTER,2023-09-03,,MYR,Food & Beverage,119.4,10.4,129.8,28.656,2.496,31.152,CASH,"[{""name"": ""A&M SARSAP 330ML"", ""qty"": 1, ""unit_price"": 1.2, ""total_price"": 1.2}, {""name"": ""MOOPLUS REG\u00dcLAR 500ML"", ""qty"": 1, ""unit_price"": 1.9, ""total_price"": 1.9}, {""name"": ""Loacker wafer milk"", ""qty"": 2, ""unit_price"": 45.9, ""total_price"": 91.8}, {""name"": ""T IWALK N 2705"", ""qty"": 1, ""unit_price"": 2.7, ""total_price"": 2.7}, {""name"": ""fishermans t sifree Jem\u00f6n: 25g"", ""qty"": 1, ""unit_price"": 4.8, ""total_price"": 4.8}]",",09/03/.
=1.
:FTRN: CR0008252
RI COUNTER S
CASHIER: 2F
OTYUOM
UNiT mt Exc. Amt tax ode.
'Pricer
A&M SARSAP 330ML.
1 WALK: 309.20
1:20
1.20 ZILE
MOOPLUS REGÜLAR 500ML
TEMT WALK 1,90 190
iFALEE
ey Loack"
036.jpg,PLOTY VOM,2018-04-10,,MYR,Food & Beverage,0.9,0.09,0.99,0.216,0.0216,0.2376,CASH,"[{""name"": ""LL WALK- EL"", ""qty"": 1, ""unit_price"": 0.9, ""total_price"": 0.9}]","Nº:19-Ga19-1819
- 016-5498845
IT GST Ñô
-1.52
¡v(5-
• 4103/2018 406- 4PM.
T TAX INVOICE
TRN CR00089553
COUNTER 3 53
CASHIER LE
""PLOTY VOM
UNITAmt Exc. Amt Inci GST.
- Price~»
Ta Tax Code a
Futy.
LGB C"
037.jpg,RESTAURANT JIAWEI,2018-02-23,20:04:08,MYR,Food & Beverage,110.0,0.0,110.0,26.4,0.0,26.4,,"[{""name"": ""Red Cat Fish"", ""qty"": 1, ""unit_price"": 42.0, ""total_price"": 42.0}, {""name"": ""Steamed Qinger Clams"", ""qty"": 1, ""unit_price"": 20.0, ""total_price"": 20.0}, {""name"": ""Beancurd v Dao Gan"", ""qty"": 1, ""unit_price"": 18.0, ""total_price"": 18.0}, {""name"": ""Dragon Chives"", ""qty"": 1, ""unit_price"": 16.0, ""total_price"": 16.0}, {""name"": ""P\u00fc Er"", ""qty"": 1, ""unit_price"": 5.0, ""total_price"": 5.0}, {""name"": ""HOT Rice"", ""qty"": 1, ""unit_price"": 1.0, ""total_price"": 1.0}, {""name"": ""Rico Small"", ""qty"": 6, ""unit_price"": 3.0, ""total_price"": 18.0}]","RESTAURANT JIAWEI
JIAWE! HOUSE
002693074-K
13. JLN LASIK UTAMA 8
MEDAN NIAGA DAMAI SG BESI
57000 KL.
INVOICE
Invoice :8884
¡POS No: 2
EDate :
23/2/2018 20:04.08
Table
:
13
Cashiier: admin
İTER
QTY
U/P"
038.jpg,MEDANNAGE,2018-01-30,14:48:23,MYR,Other,1.7,0.0,1.7,0.408,0.0,0.408,CASH,"[{""name"": ""PREVIVE 500ML"", ""qty"": 1, ""unit_price"": 1.7, ""total_price"": 1.7}]","MEDANNAGE A
- 016-5498845,
GST No:
17.7
30/01/2018 14:48:23
TAX INVOICE
TRN: CR0002815
COUNTERS
QIY UOM.
CASHIER: 11-
UNIT Amt Exo. Amt: Inc: #GST!
Price
PREVIVE 500ML
1.70
1.70
1.70 ZRL:
•Total Qty: "
039.jpg,PASARAYA BORONG PINTAR SDN BHD,2018-02-14,17:37:44,MYR,Grocery,1.45,0.0,1.45,0.348,0.0,0.348,CASH,"[{""name"": ""100PLUS LIME 325ML"", ""qty"": 1, ""unit_price"": 1.45, ""total_price"": 1.45}]","PASARAYA BORONG PINTAR
SDN BHD
BR:No.: (124526-H)
:NO 19-G&19-1819:2 JALAN TASIK UTAMA 4
MEDAN NIAGA TASIK DAMAI
: 016-5498845,
:GST No. :
14/02/2018 5:37:44PM
TAX INVOICE
TRN: CR0005140
COUNTER 4
:QT"
040.jpg,BTS,,,MYR,Other,10.59,,,2.5416,,,,"[{""name"": ""cidestick Zen"", ""qty"": 3, ""unit_price"": null, ""total_price"": null}, {""name"": ""PU #/C B/ A4 4503 7"", ""qty"": null, ""unit_price"": null, ""total_price"": null}, {""name"": ""stapler set 010E"", ""qty"": null, ""unit_price"": null, ""total_price"": null}, {""name"": ""S4 SUPER S M AKT SPM [BK]"", ""qty"": null, ""unit_price"": null, ""total_price"": null}]","BTS RM10 Voucher Issu:
FEC GRIP BPO:5 BIK PK.
#lember Discount
VEC GRIP BPO. 5.BLU PK* !!
Member Discount *:
-
3 cidestick Zen, 4's
STATE PROMO SPECTAL
PU #/C B/ A4 4503 7
STAT-PROMO SPECIAL
PLUS stap"
041.jpg,Desenieulonaea,,,MYR,Other,,,45.55,,,10.932,Cash,[],"•Member Card No:2002008362249
Desenieulonaea
CAIRT
HEMAN GEASSE PAT
34рcs
0:40215L
amnene-reo
Menher Discounta-c
.E
4 5E55
Total RM Inci Mof GSTE 5
EN51041
Round ine Ad BN E
ro50
#Total
0300%
Cash"
042.jpg,YUAP CODEX,2017-10-07,18:02:00,MYR,Other,52.84,3.02,55.86,12.6816,0.7248,13.4064,CASH,"[{""name"": ""PROEMK AWLED ETCK"", ""qty"": 1, ""unit_price"": 57.24, ""total_price"": 57.24}, {""name"": ""FET"", ""qty"": 1, ""unit_price"": null, ""total_price"": 1}]","'TANINVOIÇE
NO.:139110-
10/070017
18:02
YUAP CODEX
ATV
U/PRICE
1321
57.243
11598
PROEMK AWLED ETCK
52.84.
SUE-TOTAL
3.02
TOBI GETE!
- QUA TOTẠL
56.011
FOUNDING ADAUET_
-0.01
retapiea
1 FET
TOTAL ITEMB"
043.jpg,HON HWA HARDWARE TRADING,2017-02-11,09:35:48,MYR,Hardware & Tools,18.49,1.11,19.6,4.4376,0.2664,4.704,CASH,"[{""name"": ""ALUMNIUM ROD"", ""qty"": 1, ""unit_price"": 18.49, ""total_price"": 18.49}]","HON HWA HARDWARE TRADING
-Company Reg. No.: 001055194X
NO 37. JALAN MANIS 7. TAMAN SEGAR,
56100 CHERAS, KUALA LUMPUR.
+603-9130.2672
GST Reg: 001125220352
TAX INVOICE
11/02/2017 9:35:48 AM
CB#: 89379
"
044.jpg,HON HWA HARDWARE TRADING,2017-01-05,16:47:51,MYR,Hardware & Tools,4.72,0.28,5.0,1.1328,0.0672,1.2,CASH,"[{""name"": ""PVC WALLPLUG"", ""qty"": 50, ""unit_price"": 0.1, ""total_price"": 5.0}]","HON HWA HARDWARE TRADING
Company. Reg No: 001055194X
NO S7, JALANIMANIS 7, TAMAN SEGAR,
$ 56100 CHERAS, KUALA LUMPUR:
+603-9130 2672
GST Rog: 001125220352:
TAX INVOICE
05/01/2017 447:51 PM
CB#: 66549:"
045.jpg,EVERGREEN LIGHT SDN BHD,2017-09-18,17:21:00,MYR,Retail,24.52,1.48,26.0,5.8848,0.3552,6.24,CASH,"[{""name"": ""PROEMK IOW LED EMICK"", ""qty"": 1, ""unit_price"": 24.52, ""total_price"": 24.52}]","EVERGREEN LIGHT SDN BHD
1827฿55-0)
NO7 1JALAN PUTERIZA.
-BANDAR FUTERI;
47100 PUCHONG: EELANGOR
TELFAX: 03 00609719
3NO.1D BeT: 000389353477)
TAX INVOICE
NO.2 142507
#01-01
18/092017
17:21
UPRICE
'ANT"
046.jpg,VIVOPAC MARKETING SDN BHD,2017-01-17,13:31:27,MYR,Retail,44.0,2.64,46.65,10.56,0.6336,11.196,CASH,"[{""name"": ""PP- 14\u00d720:0:04mm"", ""qty"": 1.0, ""unit_price"": 14.6, ""total_price"": 14.6}, {""name"": ""i116x26 0:04mm"", ""qty"": 1.0, ""unit_price"": 6.0, ""total_price"": 6.0}, {""name"": ""26 \u00d7 33 (85HT) Red"", ""qty"": 1.0, ""unit_price"": 8.0, ""total_price"": 8.0}, {""name"": ""10PP: Tapes"", ""qty"": 1.0, ""unit_price"": 0.8, ""total_price"": 0.8}, {""name"": ""24x (75HT) ReN"", ""qty"": 51.0, ""unit_price"": null, ""total_price"": null}]","VIVOPAC MARKETING SDN BHD (1070687-M)
314 JALAN MANIS 4 TAMAN SEGAR 56100 KL
TEL: 03-91334364
FAX:: 03-91310522
www.vivopac.com
-GST REG: 000565805056
LITAX INVOICE
:CS21532619:
•Date;
17/01/2017 01:3"
047.jpg,,2017-09-13,13:09:01,MYR,Retail,49.5,,,11.88,,,CASH,"[{""name"": ""Stretch Film (100mmx120m)"", ""qty"": 100, ""unit_price"": 4.5, ""total_price"": 4.5}, {""name"": ""PP 516\u00d726 0.04mm"", ""qty"": 2, ""unit_price"": 11, ""total_price"": 22}, {""name"": ""PP : 14x20,0.04mm"", ""qty"": 2, ""unit_price"": 15, ""total_price"": 30}]","Doc
CS11567459
Date®
13/09/2017:01:13:09 PM
Promoter:
Terminal
ton: cashier?"" Tüif
DESCRIPTION-
PRICE DisC
(LOTY
= ERM=
Stretch Film (100mmx120m):
100 ROLL2 22
-4.5000 EFT
.PP 516×26 0.04mm
2-11:00 PK"
048.jpg,FY EAGLE ENTERPRISE,2017-12-07,16:18:00,MYR,Retail,9.43,0.57,10.0,2.2632,0.1368,2.4,CASH,"[{""name"": ""SR:500ML PAINT REMOVER (METE) EKTH"", ""qty"": 1, ""unit_price"": 9.43, ""total_price"": 9.43}]","FY EAGLE
ENTERPRISE.
002065464-X
NOE 22 JAL9N PES 14/41
TAMAN PERINRUETRIAN BUKIT SERDANG,
43300 SERI KEMBANGAN;:
SELANGOR
TEL:: 03-89433143 FAX: 03-89433143
-GST NO: 001683156224
TAX INVOICE
12.
RECE"
049.jpg,MODERN IEFOT SDN EHD,2016-12-04,09:58:00,MYR,Hardware & Tools,141.51,8.49,150.0,33.9624,2.0376,36.0,CASH,"[{""name"": ""HEATGUN 2000W STANLEY"", ""qty"": 1, ""unit_price"": 141.51, ""total_price"": 141.51}]","1-1
MODERN IEFOT SDN EHD
950345-T
NO:19; PT186854 JALAN JAMBU MELAKA 2y
JINJANG SELATAN, KEPONG.
TEL: +603-6242 8076 FAX: +603-6242 9176=*
GST NO: 002098102272
CASH
RECEIPT.#: CS00090733 DATE: 04/12/2"
050.jpg,Shell,,,MYR,Fuel,30.0,,30.0,7.2,,7.2,,"[{""name"": ""Mutro"", ""qty"": 1, ""unit_price"": 30.0, ""total_price"": 30.0}]","D code AO:
54aljitro Pump 1101,
977
RM
600 MUtro
30:00
GUR
30
100
RM-NE180:00
00% CSTE
tal Gross""
shell Loyalty carde
6018840117325593
Pontent be avarded for any eligiote
purchasess
Ray, your fuel wit"
051.jpg,AEON,2018-03-14,12:43:00,MYR,Retail,11.55,0.7,12.25,2.772,0.168,2.94,CASH,"[{""name"": ""TOPVALU FLOOR C"", ""qty"": 1, ""unit_price"": 5.6, ""total_price"": 5.6}, {""name"": ""CIF REGULAR"", ""qty"": 1, ""unit_price"": 6.65, ""total_price"": 6.65}]","AEON C6.(M): BHD (126926-H)
3RD FLR, AEON-TAMAN MALURI SC
JLN JEJAKA, TAMAN MALURT
CHERAS, 55100 KUALA LUMPUR
GST ID:: 002017394688
SHOPPING HOURS
MON-SUN: 1000 HRS - 2200 HRS
VALUED CUSTOMER: 1130307"
052.jpg,Econsave Casi & Carry (FC) S/B,2018-03-22,10:17:00,MYR,Retail,20.95,4.86,25.81,5.028,1.1664,6.1944,CASH,"[{""name"": ""ES CHOICE SOFT"", ""qty"": 1, ""unit_price"": null, ""total_price"": null}, {""name"": ""CHRJES ICE COOL HI"", ""qty"": 1, ""unit_price"": null, ""total_price"": null}]","ECONSAVE CASI & CARRY (FC) S/B (930311=1)
Lot GO1, KL Festival City,
Nó. 67 JIn Ibu Kota Inn Danau Kóta, KL.
Tél : (603) 4148 1027
22//03/18- 10:17
RG:42
•TX:24382
GST. Reg No ::001919221760
Inu Nó: 2"
053.jpg,POPULAR BOOK (M) SDN BHD,2018-03-14,12:52:00,MYR,Retail,7.5,0.45,7.95,1.8,0.108,1.908,CASH,"[{""name"": ""CBE Rubber Band200gin"", ""qty"": 1, ""unit_price"": 7.5, ""total_price"": 7.95}]","POPULAR BOOK
60.
(M) SDN BHD
(Co: No: 113825-W)
(GST Reg No. 001492992000)
No 8, Jalan 7/118B, Desa Tün Razak
:56000 Kuala Lumpur, Malaysía
SUNWAY VELOCITY
Tel a
:03-9201 6281/6920
14/03/18 12:52
LEE "
054.jpg,PREMIO STATIONERY SDN BHD,2018-03-20,15:20:16,MYR,Retail,13.4,0.76,14.16,3.216,0.1824,3.3984,CASH,"[{""name"": ""ENERGIZER BATTERY AA 4'S"", ""qty"": 1, ""unit_price"": 13.4, ""total_price"": 13.4}]","REMIO
PREMIO STATIONERY SDN BHD
(Co: No.: 123769-W)
©ST Reg. No. 001032994816
No.57, Jalan SS 3/29,;
47300 Petaling Jaya, Selangor.
03-7874 8605
TAX INVOICE
Invoice No:
Date:
Cashier:
SS3-154439
: 20/"
055.jpg,LIM SENG THO HARDWARE TRADING,2018-02-08,12:42:00,MYR,Hardware & Tools,9.91,0.59,10.5,2.3784,0.1416,2.52,,"[{""name"": ""BEG GUNI"", ""qty"": 15, ""unit_price"": 0.7, ""total_price"": 10.5}]","3 18 02 013
LIM SENG THO HARDWARE TRADING
No 7 Simpang Off Bat Village,
Or alan Ipoh Batu 5:51200 Kuala Lumpur
MALAYSIA
Tel & Fax No : 03-6258 7191
03-6258 7191
Company Reg No. : (002231061-T.)
GST Re"
056.jpg,LIM SENG THO HARDWARE TRADING,2018-02-02,10:06:00,MYR,Hardware & Tools,6.6,0.7,7.3,1.584,0.168,1.752,CASH,"[{""name"": ""BEG GUN!"", ""qty"": 10, ""unit_price"": 0.66, ""total_price"": 6.6}]","3 18 02 013.
LIM SENG THO HARDWARE TRADING
No 7. Simpang Off Batu Village,
Jalan Ipoh Batu 5.51200 Kuala Lumpur
MALAYSIA
Tel & Fax No: 03-6258 7191
03-6258 7191
Company Reg No. (002231061-T)
GST Reg N"
057.jpg,LA STATIONERY SDN BHD,2018-02-09,09:21:19,MYR,Retail,53.58,5.72,56.8,12.8592,1.3728,13.632,CASH,"[{""name"": ""GELPEN REFILL PILOT G2.0.5 BLACK"", ""qty"": 5, ""unit_price"": 2.86, ""total_price"": 14.3}, {""name"": ""GELPEN REFILL PILOT G2 0:5 BLUE/S"", ""qty"": 5, ""unit_price"": 2.86, ""total_price"": 14.3}, {""name"": ""GELPEN REFILL PILOT G2 0.5 RED"", ""qty"": 2, ""unit_price"": 2.86, ""total_price"": 5.72}, {""name"": ""GLUE - CLEAR GLUE 1000ME"", ""qty"": 1, ""unit_price"": 7.42, ""total_price"": 7.42}, {""name"": ""LIQUID PAPER - PAPERMATE NP10 7ml."", ""qty"": 2, ""unit_price"": 3.71, ""total_price"": 7.42}, {""name"": ""PERMANENT MARKER SHARPIE FINE BLACK 30051"", ""qty"": 1, ""unit_price"": 2.33, ""total_price"": 2.33}, {""name"": ""BALLPEN PILOT FRIXION 0.5 BLACK"", ""qty"": 1, ""unit_price"": 5.3, ""total_price"": 5.3}]","318 02013
Tax Invoice
LA STATIONERY SDN BHD (640899-P)
NO:8,""JALAN 46/26,2*
TAMAN SRI RAMPAL,
53300 KUALA LUMPUR.
Tel No.:: 03 - 4023, 0088
GST Reg. : 001542721536
Invoice No. : TO1-006194
Date.:-
09/"
058.jpg,,2018-01-10,,,Other,,,53.0,,,,CASH,"[{""name"": ""SUGA BAG"", ""qty"": 10, ""unit_price"": null, ""total_price"": null}]","*303k 25%
RECEIPT:#: C500094964 DATE 101/02/20183
CASHIER USERS
OTY 2521U/RAMOUNT
3674
10
A 0953
:3019
SR:SUGA BAG
TOTAL QUANTITY:
10
DISC.
ROUNDING
:0.00
530
0:00
TOTAL
CASH
MEHANGE
""CODE"
059.jpg,LIM SENG THO HARDWARE,2018-02-09,10:05:00,MYR,Hardware & Tools,7.92,0.7,8.4,1.9008,0.168,2.016,,[],"31802013°
LIM SENG THO HARDWARE RADING
No 7. Simpang Off Batu Village.
Jalan Ipoh Batu 5. 51200 Kuala Lumpur
MALAYSIA
Tel & Fax No: 03-6258 7191
03-6258 7191
Company Reg No: :(002231061-T).
GST Reg No"
060.jpg,,2017-04-12,,,Other,800.0,48.0,848.0,,,,CASH,"[{""name"": ""EXTENTON LADER 123X12"", ""qty"": null, ""unit_price"": null, ""total_price"": 848.0}]","CASH A
RECEIPT #:
:C500042153 DATE: 04/12/2017:
CASHIER
SUSER
ETEN
- AMOUNT
I EXTENTON LADER 123X12
424:00
848.00 93,
TOTAL QUANTITY:
TOTAL
CASH
CHANGE
DISC
SIGST
NDING
1848
848
0:00
48:00
0:00
0O
DO
"
061.jpg,JSR,,,MYR,Retail,113.82,6.36,120.18,27.3168,1.5264,28.8432,CASH,"[{""name"": ""LED 11 SIGNAL"", ""qty"": 1, ""unit_price"": 55.0, ""total_price"": 55.0}, {""name"": ""KZ SIGNAL CONDENSOR (KOZI) 12V (MODEL SC1201)(MT)"", ""qty"": 1, ""unit_price"": 18.0, ""total_price"": 18.0}, {""name"": ""YAMLUBE (SEMI) MOTOR OIL"", ""qty"": 1, ""unit_price"": 30.0, ""total_price"": 30.0}, {""name"": ""COTBFILTER:LC135"", ""qty"": 1, ""unit_price"": 13.0, ""total_price"": 13.0}, {""name"": ""BULB SIGNAL 12V8 RXZ G18:5"", ""qty"": 2, ""unit_price"": 3.0, ""total_price"": 6.0}, {""name"": ""NUMBER PLASTIC"", ""qty"": 6, ""unit_price"": 1.0, ""total_price"": 6.0}]","52100 Kuala Lumpur
ITEL:
4603-6251-2293
GST ID No: 000180269056
PLATE NO.:
1: LED 11 SIGNAL
&1 X 55.00
2. KZ SIGNAL CONDENSOR (KOZI) 12V
(MODEL SC1201)(MT)
E1.X 18.00
YAMLUBE (SEMI) MOTOR OIL
LPX 30.0"
062.jpg,SYARIKAT PERNIAGAAN GIN KEE,2018-04-01,15:46:00,MYR,Retail,94.5,5.67,100.17,22.68,1.3608,24.0408,CASH,"[{""name"": ""K10L1X8"", ""qty"": 1, ""unit_price"": 40.28, ""total_price"": 40.28}, {""name"": ""1LT BIG TREE HIGH GLOSS PAINT"", ""qty"": 1, ""unit_price"": 26.5, ""total_price"": 26.5}, {""name"": ""7\"" ROLLER REFILL"", ""qty"": 1, ""unit_price"": 6.89, ""total_price"": 6.89}]","3 18 оröїl
SYARIKAT PERNIAGAAN GIN KEE
(81109-A)
NO 290, JALAN AIR PANAS;
SETAPAK,
53200; KUALA LUMPUR
TEL: 03-40210276
GST ID: 000750673920
SIMPLIFIED TAX INVOICE
: CS00012544
: USER
Qty
CASH
Doc No:"
063.jpg,SYARIKAT PERNIAGAAN GIN KEE,2018-01-25,14:29:00,MYR,Hardware & Tools,180.0,10.8,190.8,43.2,2.592,45.792,CASH,"[{""name"": ""12MM 4/8B PLYWOOD"", ""qty"": 3, ""unit_price"": 63.6, ""total_price"": 190.8}]","31 8 010ї
oli
!!
SYARIKAT PERNIAGAAN GIN KEE
(81109-A)
NO 290, JALAN AIR PANAS,
SETAPAK,
53200, KUALA LUMPUR.
TEL: 03-40210276
GST ID: 000750673920
SIMPLIFIED TAX INVOICE
CASH
Doc No:
Cashier
Salesper"
064.jpg,GSAL,null,18:00,MYR,Food & Beverage,210.48,,,50.5152,,,,"[{""name"": ""RAPAN CAN"", ""qty"": null, ""unit_price"": 38.0, ""total_price"": null}, {""name"": ""TURAIROLERT SEN"", ""qty"": null, ""unit_price"": 37.0, ""total_price"": null}, {""name"": ""SCAPPER BIASAS"", ""qty"": null, ""unit_price"": 64.0, ""total_price"": null}, {""name"": ""Sals Bsduing csmi"", ""qty"": null, ""unit_price"": 8.46, ""total_price"": null}]","CS00059502
Date
:Time
(15,43900
aRen
GSAL
sipricet
5.300 SRI
22.00
RAPAN CAN
38:00%
210.48
TURAIROLERT SEN
37,00 5922
18:00~
1-010
MOFFER 1)
8.46
4630L
CARROWTAL TARUZ
SCAPPER BIASAS
ioaloy C
Sals Bsd"
065.jpg,GIN KEE,2018-01-03,17:08:00,MYR,Retail,68.0,4.08,72.08,16.32,0.9792,17.2992,CASH,"[{""name"": ""COTTON GLOVE (DOZEN)"", ""qty"": 1, ""unit_price"": 10.6, ""total_price"": 10.6}, {""name"": ""FACE MASK"", ""qty"": 2, ""unit_price"": 19.08, ""total_price"": 38.16}, {""name"": ""CS 200A CUTTING WHEEL"", ""qty"": 1, ""unit_price"": 23.32, ""total_price"": 23.32}]","rena ccfit.
18:01017
SYARIKAȚ PERNIAGAAN GIN KEE
(81109-A)
NO 290, JALAN AIR PANAS,
SETAPAK;
53200, KUALA LÚMPUR:
TEL : 03-40210276
GST ID: 000750673920
SIMPLIFIED TAX INVOICE
CẠSH
Doc No.
Cashler
Sal"
066.jpg,SYARIKAT PERNIAGAAN GIN KEE,2017-12-30,14:52:00,MYR,Hardware & Tools,84.0,5.04,89.04,20.16,1.2096,21.3696,CASH,"[{""name"": ""CEMENT (50KG)"", ""qty"": 2, ""unit_price"": 18.02, ""total_price"": 36.04}, {""name"": ""PASIR KASAR (BAG)"", ""qty"": 10, ""unit_price"": 5.3, ""total_price"": 53.0}]","3 18 01 017
SYARIKAT PERNIAGAAN GIN KEE
:(8.1109-A)
""NO 290, JALAN AIR PANAS,
SETAPAK:
53200, KUALA LUMPUR.
TEL: 03-40210276
GST ID : 000750673920
SIMPLIFIED TAX INVOICE
TCASH
Doc No.
Cashier
= Salesp"
067.jpg,SYARIKAT PERNIAGAAN GIN KEE,2018-01-03,13:04:00,MYR,Retail,94.34,5.34,94.34,22.6416,1.2816,22.6416,CASH,"[{""name"": ""BIG TREE HIGH GLOSS PAINT"", ""qty"": 1, ""unit_price"": 90.1, ""total_price"": 90.1}, {""name"": ""THINNER BOTTLE"", ""qty"": 1, ""unit_price"": 4.24, ""total_price"": 4.24}]","3 T8i01.
0.17
SYARIKAT PERNIAGAAN GIN KEE
:(81109-A)
NO 290, JALAN AIR PANAS,
• r.
SETAPAK;
53200, KUALA LUMPUR
TEL : 03-40210276
GST ID : 000750673920
SIMPLIFIED TAX INVOICE
ACASH
Doc No.
Cashier
Sal"
068.jpg,SYARIKAT PERNIAGAAN GIN KEE,2017-12-29,15:32:00,MYR,Retail,10.0,0.6,10.6,2.4,0.144,2.544,CASH,"[{""name"": ""EGIWIRE RM10"", ""qty"": 1, ""unit_price"": 10.0, ""total_price"": 10.0}]",":3 1801 017
SYARIKAT PERNIAGAAN GIN KEE
4 (81109-A):
NO 290, JALAN AIR PANAS,
SETAPAK;
53200, KUALA LUMPUR.
TEL : 03-40210276
GST ID:: 000750673920
SIMPLIFIED TAX INVOICE
CASH
Dôc. No.
Cashier..
i Sal"
069.jpg,SYARIKAT PERNIAGAAN GIN KEE,2018-01-15,14:24:00,MYR,Hardware & Tools,10.5,0.63,11.13,2.52,0.1512,2.6712,CASH,"[{""name"": ""HOES PIN"", ""qty"": 3, ""unit_price"": 1.06, ""total_price"": 3.18}, {""name"": ""4' HOES HANDLE"", ""qty"": 1, ""unit_price"": 7.95, ""total_price"": 7.95}]","3
18
OiLE
5. =
SYARIKAT PERNIAGAAN GIN KEE
(81109-A):
NO 290, JALAN AIR PANAS.
SETAPAK:
53200, KUALA LUMPUR.
TEL : 03-40210276
GST ID : 000750673920
SIMPLIFIED TAX INVOICE
CASH
: CS00012751
¡Cashier
:"
070.jpg,SYARIKAT PERNIAGAAN GIN KEE,2018-02-01,09:38:00,MYR,Retail,34.0,2.04,36.04,8.16,0.4896,8.6496,CASH,"[{""name"": ""CEMENT (50KG)"", ""qty"": 2, ""unit_price"": 17.0, ""total_price"": 34.0}]","bir kranipice
31802
016
SYARIKAT PERNIAGAAN GIN KEE
(81109-A)
NO 290, JALAN AIR PANAS,
SETAPAK,
53200, KÜALA LÜMPÜR.
TEL : 03-40210276
GST ID : 000750673920
SIMPLIFIED TAX INVOICE
CASH
Doc No
Cashier
"
071.jpg,SYARIKAT PERNIAGAAN GIN KEE,2018-01-31,10:41:00,MYR,Retail,96.0,5.76,101.76,23.04,1.3824,24.4224,CASH,"[{""name"": ""CUTTING DISC"", ""qty"": 2, ""unit_price"": 29.68, ""total_price"": 59.36}, {""name"": ""MAGIC SAND PAPER"", ""qty"": 10, ""unit_price"": 3.18, ""total_price"": 31.8}, {""name"": ""COTTON GLOVE"", ""qty"": 1, ""unit_price"": 10.6, ""total_price"": 10.6}]","31800016
SYARIKAT PERNIAGAAN GIN KEE
(81109-A)
NO 290, JALAN AIR PANAS,
SETAPAK,
53200; KUALA LUMPUR
TEL: 03-40210276
GST ID: 000750673920
SIMPLIFIED TAX INVOICE
CASH
Doc No...
Cashier:
Salesperson
.:"
072.jpg,SYARIKAT PERNIAGAAN GIN KEE,2018-01-27,16:04:00,MYR,Other,21.0,1.26,22.26,5.04,0.3024,5.3424,CASH,"[{""name"": ""GUNI BAG"", ""qty"": 30, ""unit_price"": 0.74, ""total_price"": 22.2}]","31802016.
SYARIKAT PERNIAGAAN GIN KEE
(81109-A)
NO 290, JALAN AIR PANAS.
SETAPAK,
53200, KUALA LUMPUR.
TEL: 03-40210276
GST ID: 000750673920
SIMPLIFIED TAX INVOICE
CASH
Doc No.
Cashier
Salesperson
.: "
073.jpg,SYARIKAT PERNIAGAAN GIN KEE,2018-02-02,16:30:00,MYR,Other,88.8,5.33,94.13,21.312,1.2792,22.5912,CASH,"[{""name"": "".10' 2X2"", ""qty"": 2, ""unit_price"": 12.72, ""total_price"": 25.44}, {""name"": ""18:2 X3"", ""qty"": 2, ""unit_price"": 18.2, ""total_price"": 36.4}]",",318
$.
SYARIKAT PERNIAGAAN GIN KEE
(81109-A)
NO 290, JALAN AIR PANAS,
SETAPAK,
53200, KUALA LUMPUR.
TEL: 03-40210276
GST ID: 000750673920
SIMPLIFIED TAX INVOICE
CẠSH
Doc No:
*11-
Cashier
Salesperson "
074.jpg,SULTAN AZLAN,2018-02-26,14:27:00,MYR,Other,7.0,0.42,7.42,1.68,0.1008,1.7808,,[],"tres
K=4D, UEN SULTAN AZLAN
HAH 51200 KUALA LUMPUR
TEL :
:03-4043 7678
TAX
INVOICE
26-02-2018
14:27
KL 001
035857
CUR PLS A4ZA3
RM7.42
"" Nô:
GST TA
GST 6%
TOTAL
AMT
RMT
RM7:00
RMO
): 42
ris:"
075.jpg,SULTAN AZLAN,2018-02-26,14:27:00,MYR,Other,7.0,0.42,7.42,1.68,0.1008,1.7808,,"[{""name"": null, ""qty"": null, ""unit_price"": null, ""total_price"": null}]","tres
K=4D, UEN SULTAN AZLAN
HAH 51200 KUALA LUMPUR
TEL :
:03-4043 7678
TAX
INVOICE
26-02-2018
14:27
KL 001
035857
CUR PLS A4ZA3
RM7.42
"" Nô:
GST TA
GST 6%
TOTAL
AMT
RMT
RM7:00
RMO
): 42
ris:"
076.jpg,SR CRE ASTARILAMINATINGFI,,2:16,,Other,34.0,,36.0,,,,CASH,"[{""name"": null, ""qty"": null, ""unit_price"": 34.0, ""total_price"": 34.0}]","CS00310146
Date:
10°
RSP
955507891250895
340:00
SR CRE ASTARILAMINATINGFI
E TOTIQTY
42740
Discount
oral ast
Rounding
Total
CASH
Change
GSIT
236100M 2116
·36.00g
2:16"
077.jpg,Corner MEER,2017-10-13,11:37:00,,Retail,175.0,,,,,,CASH,"[{""name"": ""SR CABLE LUG 60MM(M10)"", ""qty"": 1, ""unit_price"": 175.0, ""total_price"": 79.5}]","22
GE
ecelpt S0008881020
salesperso
Corner MEER
• Date: 13/10/201
Time: 11137.00
SIRSPS
ARSPS
10186121222
105 1435
SR CABLE LUG 60MM(M10)
107645h
175.00 79,50
Discoun
Roundinge
S Total
CASHI
Change"
078.jpg,,,,,,,,,,,,,[],"630
09/20
38
08
243
Sub Totali"
079.jpg,ICOLS BANTIAIE & FACHIRLI SIR IUD,2018-03-21,13:40:00,MYR,Retail,7.0,0.42,7.42,1.68,0.1008,1.7808,CASH,"[{""name"": ""SAMURAI SPRAY PAINT"", ""qty"": 1, ""unit_price"": 7.0, ""total_price"": 7.0}]","•'
'IS TCOLS BANTIAIE & FACHIRLI SIR IUD
1151414-P
3T JALAN BANDAR SAILS
PUSAT BANDAR: PUCHONG
4716 ELF 03-5819 SE52NGOR
GST NO: 000761802752
TAX INVOICE:
RECEIPT #Đ CS00032256 DATE: 21/03/2018
+ SALE"
080.jpg,ALG RESTORAN,2018-03-17,15:22:52,MYR,Food & Beverage,9.07,0.53,9.6,2.1768,0.1272,2.304,CASH,"[{""name"": ""Kor"", ""qty"": 2, ""unit_price"": 2.2, ""total_price"": 4.4}, {""name"": ""Teh"", ""qty"": 1, ""unit_price"": 2.2, ""total_price"": 2.2}, {""name"": ""Cham"", ""qty"": 1, ""unit_price"": 0.8, ""total_price"": 0.8}]","ALG RESTORAN RAN. SHENG
:002043319-N7
-N6:2, Jalan: Temenggung 19/9,:
Seksyen 9; Bandar Mahkota Cheras;
43200 Cheras, Selangor
GST REG ND: 001335787520
Tax Invoice
:INV Nor:
1049519 Cashier: Thandar
:"
081.jpg,RESTORAN WAN SHENG,2018-03-23,13:28:55,MYR,Food & Beverage,6.33,0.37,6.7,1.5192,0.0888,1.608,CASH,"[{""name"": ""Teh (B)"", ""qty"": 1, ""unit_price"": 2.2, ""total_price"": 2.2}, {""name"": ""Cham (B)"", ""qty"": 1, ""unit_price"": 1.7, ""total_price"": 1.7}, {""name"": ""Bunga Kekwa"", ""qty"": 3, ""unit_price"": 0.2, ""total_price"": 0.6}]","Jef-tiss,
•DCE2
RESTORAN WAN SHENG
:002043319-W
No.2, Jalan Temenggung 19/9,.
Seksyen 9, Bandar Mahkota Cheras,
:43200 Cheras, Salangor
GST REG NO:: 001335787520
Tax
Invoice
INV No.: 1057981 Cashier: "
082.jpg,RESTORAN WAN SHENG,2018-03-21,11:42:20,MYR,Food & Beverage,4.54,0.26,4.8,1.0896,0.0624,1.152,CASH,"[{""name"": ""Cham"", ""qty"": 2, ""unit_price"": 2.2, ""total_price"": 4.4}, {""name"": ""Take Away"", ""qty"": 2, ""unit_price"": 0.2, ""total_price"": 0.4}]","I RESTORAN WAN SHENG
002043319-W
Na.2, Jalan Temenggung 18/9,
Seksyen. 9. Bandar. Mahkota Cheras;
43200 Cheras; Selangor
• GST REG NO: 001335787520
Tax Invoice
- INV No:: 1054250 Cashier: Thandar
= Da"
083.jpg,RESTORAN WAN SHENG,2018-03-10,16:01:37,MYR,Food & Beverage,6.81,0.39,7.2,1.6344,0.0936,1.728,CASH,"[{""name"": ""sTeh: (B)"", ""qty"": 2, ""unit_price"": 2.2, ""total_price"": 4.4}, {""name"": ""Cham (B):"", ""qty"": 1, ""unit_price"": 3.0, ""total_price"": 3.0}, {""name"": ""Take: Away"", ""qty"": 3, ""unit_price"": 2.2, ""total_price"": 6.6}]","iTkat
""¿÷[÷
RESTORAN WAN SHENG
:002043319-W
No: 2, ilalan Temenggung 19/9,
:Seksyen 9, Bandar Mahkota Cheras,
43200 Cheras, Selangor
GST REG NO: 001335787520
Tax Invoice
INV No.:
1037698 Cashier: Nico"
084.jpg,RESTORAN WAN SHENG,2018-03-07,15:34:15,MYR,Food & Beverage,4.54,0.26,4.8,1.0896,0.0624,1.152,CASH,"[{""name"": ""Teh: (B)"", ""qty"": 2, ""unit_price"": 2.2, ""total_price"": 4.4}]","- Pilit9 ta
RESTORAN WAN SHENG
002043319-
No:2, Jalan Temenggung 19/9,
Seksyen 9; Bandar Mahkota Cheras,
43200 Cheras, Selangor
GST. REG NO: 001335787520
Tax Invoice
INV No:: 103223B Cashier: Thandar
"
085.jpg,KAISON FURNISHING SDN BHD,2018-03-25,18:34:00,MYR,Retail,17.64,1.06,18.7,4.2336,0.2544,4.488,CASH,"[{""name"": ""PLASTIC TRAY-GLOSS"", ""qty"": null, ""unit_price"": null, ""total_price"": null}, {""name"": ""REYCHAIN= SCARF"", ""qty"": null, ""unit_price"": 5.9, ""total_price"": null}, {""name"": ""KEYCHAIN - KNIT"", ""qty"": null, ""unit_price"": 3.9, ""total_price"": null}]","3-1708032
KAISON FURNISHING SDN BHD
'Lot No. IL3-012, Level 3,
MyTOWN Shopping Centre:
No: 6, Jalan Cochrane,
Seksyen: 90
155100 Kualá Lumpur:
Co Reg No. (761834D)
'EST Reg No: 001813973040
Tel: 103 -"
086.jpg,SPEED MART S/B,2019-03-26,10:23:00,MYR,Retail,9.403,0.94,10.6,2.2567,0.2256,2.544,CASH,"[{""name"": ""GLA55 CLEANER"", ""qty"": 1, ""unit_price"": null, ""total_price"": 10.0}]","[= y
3-1708032
(99 SPEED MAPT S/B (E19537-X)
LoT F.T. 2011, JALAN ANGSA,
TAMAN PERVELEY
41150 KLANG SEL ANGOR
1330 JLN KEHANGA
EST IDA: NO/9 10001817477121
INVOICE NO: 18348/102/T0058
10: 23AM
369234-"
087.jpg,PHARMACT,2018-05-29,12:09:00,MYR,Healthcare,44.94,1.26,46.2,10.7856,0.3024,11.088,CASH,"[{""name"": ""IBUPROFEN FILM COATED TAB"", ""qty"": 4, ""unit_price"": 3.0, ""total_price"": 12.0}, {""name"": ""FEBRICOL - RX 10X10ML"", ""qty"": 1, ""unit_price"": 3.49, ""total_price"": 3.49}, {""name"": ""NOFLUX TABLET"", ""qty"": 1, ""unit_price"": null, ""total_price"": 20.94}]","*.
SIMPLIFIED TAX INVOICE
PHARMACT
1188096-WT
GST: NO: 001930047488
NO.47, JALAN 3/36,
19:
• BUKIT SRI BINTANG
CKEFONG 52100; KUALA LUMPUR
TEL: 03-6263 8480 FAX: 03-6263:8480
- CASH
RECEIPT #E: C50012"
088.jpg,ROCKU YAKINIKU,2018-02-19,17:43:00,MYR,Food & Beverage,149.7,10.28,181.55,35.928,2.4672,43.572,CASH,"[{""name"": ""GREEN TEA - T"", ""qty"": 1, ""unit_price"": 13.0, ""total_price"": 13.0}, {""name"": ""GREEN TEA"", ""qty"": 1, ""unit_price"": 3.0, ""total_price"": 3.0}, {""name"": ""E BUFFET DINNER (ADULT)"", ""qty"": 3, ""unit_price"": 49.9, ""total_price"": 149.7}]","• 6 fmy!
ROCKU YAKINIKU
CPI ROCKU SDN. BHD. (1096317-P)
GST. NO.: 000446271488
LOT F355/356/357, FIRST FLOOR,
RAINFOREST,1 UTAMA SHOPPING CENTRE,
LEBUH, BANDÄR ÜTAMA
,47800 PETALING JAYA
V19/02/2018 1"
089.jpg,,2018-02-19,14:19:38,SGD,Food & Beverage,20.4,1.35,23.79,15.096,0.999,17.6046,CASH,"[{""name"": ""Mineral Water"", ""qty"": 1, ""unit_price"": 2.5, ""total_price"": 2.5}, {""name"": ""Chocolate Waffle-Half Moon"", ""qty"": 1, ""unit_price"": 17.9, ""total_price"": 17.9}]","GUEST
CHECK
¿Table 11
F3Y2:
u2 Check #: 186242
..Pax(s): 3
19-02-2018 14:19:38
scashier: |
CASHIER
F60%
Description
Qty
U price Total TAX
r. Mineral Water
1x
2:50
Chocolate Waffle-Half Moon
1 x
17.90
"
090.jpg,FLUNPULA,,,,Other,,,,,,,,[],"GSTATI
C
UD-AD)
38A
FLUNPULA
58,59877
NG 0000"
091.jpg,Potters Garden Sdn Bhd,2018-01-04,12:29:18,MYR,Retail,37.54,2.26,39.8,9.0096,0.5424,9.552,CASH,"[{""name"": ""PLASTIC PLATE"", ""qty"": 2, ""unit_price"": 7.9, ""total_price"": 15.8}, {""name"": ""CHINA POT."", ""qty"": 1, ""unit_price"": null, ""total_price"": null}, {""name"": ""PLANT"", ""qty"": 5, ""unit_price"": 11.0, ""total_price"": null}]","POTTERS GARDEN SDN BHD
(1153774-D)
Batu 11. $g Buloh; 47000 Selangor.
Tel:: 016-667 0982, 016-333 3812
GST Reg: No: 000392024064
TAX INVOICE
TABLE : O1
FPOS. ID: G
FINV, NO: G/ 00002268
CASHIER: Admin"
092.jpg,HENG KEE DELIGHIS BAK KUT TEH,2018-01-04,07:42:10,MYR,Food & Beverage,42.0,0.0,42.0,10.08,0.0,10.08,CASH,"[{""name"": ""Bak Kut Teh Soup"", ""qty"": 2.0, ""unit_price"": 17.0, ""total_price"": 34.0}, {""name"": ""White Rice"", ""qty"": 2.0, ""unit_price"": 1.5, ""total_price"": 3.0}, {""name"": ""Tofu"", ""qty"": 1.0, ""unit_price"": 4.0, ""total_price"": 4.0}, {""name"": ""Chinese Tea/ Water"", ""qty"": 1.0, ""unit_price"": 0.5, ""total_price"": 0.5}]","joemire
• 1-
HENG KEE DELIGHIS BAK KUT TEH.
NO31, JALAN 3/624.
BANDAR MENJALARA
KEPONG.
52100) KUALA IUMPUR
GST NO: 000403890176
H/P : 016-6555553
=E:
zizie-
TAX INVOICH
:TB011530
LABUCETAKE_AWAY
!DAT"
093.jpg,NOFLUX,,,MYR,Healthcare,34.29,0.51,34.8,8.2296,0.1224,8.352,MASTERCARD,"[{""name"": ""TAB 90MG 10"", ""qty"": 1, ""unit_price"": 9.01, ""total_price"": 9.01}, {""name"": ""IBUPROFEN 400MG 10"", ""qty"": 1, ""unit_price"": 3.0, ""total_price"": 3.0}, {""name"": ""FEBRICOL -RX 10"", ""qty"": 1, ""unit_price"": 9.0, ""total_price"": 9.0}]","NOFLUX TAB 90MG 10:
* 4093;
9.01.%
9557892102639 IBUPROFEN 400MG 10
·001X 3.00
56492002837K FEBRICOL -RX 10
9.00 z
X 2:70
10:80 z
Rounding 1
TOTAL,
(GST
:-0.01
34.80
:0.51 )
PAYMENT g
TOTAL PAYMENT •
"
094.jpg,TESCO,null,22:00:00,MYR,Grocery,23.0,1.9,24.9,5.52,0.456,5.976,CASH,"[{""name"": ""CUSHION 45*45CM"", ""qty"": 1, ""unit_price"": null, ""total_price"": null}, {""name"": ""VOICELS"", ""qty"": null, ""unit_price"": null, ""total_price"": null}]","ea COAR
4L0T21851-A
851-B
: KPB:
IEKAWASAN PERINDUSTRIAN
BALAKONGSO
43300; SERT KEMBANGAN:
NSELANGOR
FIGSTAIDT
Nof:: 0004737925120
PiLODES
(TESCO-M
ALARACKEPONGR
VOICELS
CUSHIÖN 45*45cM PI
{ĘŻO9 SªA.5"
095.jpg,McDonald's,2018-03-11,14:31:11,MYR,Food & Beverage,8.5,0.48,8.5,2.04,0.1152,2.04,CASH,"[{""name"": ""ChocTop"", ""qty"": 2, ""unit_price"": 4.0, ""total_price"": 8.0}, {""name"": ""McFlurryOreos"", ""qty"": 1, ""unit_price"": 4.5, ""total_price"": 4.5}]","Gerbang Alaf Restaurants: Sdn: Bhd
(65351-M)
formerly known as:
Golden Arches Restaurants Sdn Bhd
Licensee of McDonald's
Level 6,: Bangunan TH, Damansara Uptown3
No.3, Jalan SS21/39,47400 Petaling Jay"
096.jpg,SAINT HEART PASTRY,2018-03-25,10:56:00,MYR,Food & Beverage,8.2,0.46,8.66,1.968,0.1104,2.0784,CASH,"[{""name"": ""JUMBO SAUSAGE CHEESE"", ""qty"": 3, ""unit_price"": 3.1, ""total_price"": 9.3}, {""name"": ""GARLIC CHEESE"", ""qty"": 1, ""unit_price"": 2.0, ""total_price"": 2.0}]","SAINT HEART PASTRY
(001980264-H)
29, JLN SJ 17,
TMN SELAYANG JAYA,
:68100 BATU CAVES,
SELANGOR
TEL: 03-61372830
GST ID: 001661329408
SIMPLIFIED TAX INVOICE
¡ CASH
: Recelpt#:
*Staff:
- Cashler:
CS0025"
097.jpg,KEDAI PAPAN YEW CHUAN,2018-03-21,09:31:00,MYR,Other,65.0,3.9,68.9,15.6,0.936,16.536,CASH,"[{""name"": ""PAS\u0130R HAL\u00dcS (D)"", ""qty"": 1, ""unit_price"": 65.0, ""total_price"": 65.0}]","R
KEDAI PAPAN YEW CHUAN
: 0005583085-K)
LOT 276 JALAN BANTING
43800 DENGKIL; SELANGOR.
TEL: 03-87686092 FAX: 03-87686092
GST ID: 000781600416
TAX INVOICE
BIll TOR
""SUCI ALAM JAYA TRANSPORT
NO 1 JALAN "
098.jpg,KEDAI PAPAN YEW CHUAN,2018-03-21,16:39:00,MYR,Retail,136.0,8.16,144.16,32.64,1.9584,34.5984,CASH,"[{""name"": ""BESI Y"", ""qty"": 8, ""unit_price"": 17.0, ""total_price"": 136.0}]","R
KEDAI PAPAN YEW CHUAN
:(0005583085-K)
LOT 276 JALAN BANTING
43800 DENGKIL, SELANGOR.
TEL : 03-87686092 FAX: 03-87686092
GST ID: 000781500416
TAX INVOICE
Bill To:
¿ SUCIALAM JAYA TRANSPORT
NO 1 JALAN"
099.jpg,KEDAI PAPAN YEW CHUAN,2018-03-07,08:31:00,MYR,Retail,86.0,5.16,91.16,20.64,1.2384,21.8784,CASH,"[{""name"": ""PASTR HALUS (D)"", ""qty"": 1, ""unit_price"": 65.0, ""total_price"": 65.0}, {""name"": ""KAPUR AIR (AI)"", ""qty"": 3, ""unit_price"": 3.0, ""total_price"": 9.0}, {""name"": ""F101870"", ""qty"": null, ""unit_price"": null, ""total_price"": 12.0}]","Su
R
Cinib
Ches:
0000€
KEDAI PAPAN YEW CHUAN
(0005583085-K)
LOT 276 JALAN BANTING
43800 DENGKIL, SELANGOR.
TEL: 03-87686092 FAX: 03-87686092
GST ID: 000781500416
TAX INVOICE
SUCI ALAM JAYA TRANSPORT
N"
100.jpg,PAPAN YEW CHUAN,2018-03-08,14:58:00,MYR,Transport,295.0,17.7,312.7,70.8,4.248,75.048,CASH,"[{""name"": ""PASIR HALUS (D)"", ""qty"": 12, ""unit_price"": 16.5, ""total_price"": 174.9}, {""name"": ""USIMENT"", ""qty"": 2, ""unit_price"": 85.0, ""total_price"": 137.8}]","KEPA!
PAPAN YEW CHUAN
35583085-K)
* LOT 276 JALAN BANTING
17$00 DENC
SELANGOR:
TEL: 03-87686092
FAX: 03-87686092
GST ID: 000781500416
TAX INVOICE
SUCI ALAM JAYA TRANSPORT
NO 1 JALAN AMAN 2
TAMAN DESA "
192.jpg,McDonald's,2018-04-27,15:20:22,MYR,Food & Beverage,109.05,6.54,150.0,26.172,1.5696,36.0,CASH,"[{""name"": ""N\u00e4si Lemak Burger"", ""qty"": 4, ""unit_price"": 75.8, ""total_price"": 75.8}, {""name"": ""Fries"", ""qty"": 4, ""unit_price"": 4.25, ""total_price"": 4.25}, {""name"": ""100Plus"", ""qty"": 4, ""unit_price"": null, ""total_price"": null}, {""name"": ""MCC Deluxe"", ""qty"": 2, ""unit_price"": 29.0, ""total_price"": 29.0}, {""name"": ""Coke"", ""qty"": 2, ""unit_price"": null, ""total_price"": null}, {""name"": ""Fries"", ""qty"": 2, ""unit_price"": null, ""total_price"": null}]","*****
DUPLICATE
:Gerbang Ataf Restaurants Scn Bhd
(55351-M).
Licensee öf MöDonald's
Level 6,
Bangunan TH, Damansara Uptovn3
No.3, Jalan SS21/39 47400 Petaling Jaya
Se langor
(GST ID: No: C00504664064)"
193.jpg,ISK TRACE CITY-SELAYANG,2017-10-27,10:51:52,MYR,Other,8.49,0.51,9.0,2.0376,0.1224,2.16,CASH,"[{""name"": ""KIWL KIDFE"", ""qty"": 2, ""unit_price"": 4.5, ""total_price"": 9.0}]","ISK TRACE CITY-SELAYANG (626470-P)
WISMA YAP TIEH (TAG):
LOT 4674 & 4675 SELAYANG BATU 8
JALAN IPOH: 68100 BATU CAYES
FEL: 03-612C7484 FAX: 03-51207487:
SAT ID : 000431112192
TAX INVOICE
MAX INVOICE N"
194.jpg,HAKASSAR FRESH MARKET: SON BHD,2017-07-23,11:23:00,MYR,Grocery,26.58,4.81,31.39,6.3792,1.1544,7.5336,,"[{""name"": ""BASETANGORN"", ""qty"": 2.0, ""unit_price"": 13.0, ""total_price"": 26.0}, {""name"": ""HOLMETS"", ""qty"": 1, ""unit_price"": 2.78, ""total_price"": 2.78}, {""name"": ""HO CHUNBO"", ""qty"": 1, ""unit_price"": 22.97, ""total_price"": 22.97}]","TAh*
VEOS14:
Date:
HAKASSAR FRESH MARKET: SON BHD
GROUND FLOOR NO VALE NO
JALAN SS 15/4B.
47500
SUBANG DAYA
VE:05:
Ridzuny
i(11900)
BASETANGORN
356 DD: 23/07/20172 11:23:
Description UPS EXCED Sale An"
195.jpg,HARASSAR FRESH MARKET SON BHD,2017-08-31,12:17:00,MYR,Grocery,10.8,0.648,11.448,2.592,0.1555,2.7475,,"[{""name"": ""CR-CORNEL"", ""qty"": 1, ""unit_price"": 7.56, ""total_price"": 7.56}, {""name"": ""BUN SHILTS"", ""qty"": 1, ""unit_price"": 2.12, ""total_price"": 2.12}]","SANTAN:
AV E0514
Date
HARASSAR FRESH MARKET SON BHD
GROUND FLOOR,
NO 48 OR
JALAN SS. 15/48,
47500 SUBANG JAYA, SELAŃGOR
SDD:31/08/2017: 1217
Description: U.P Iss ExCD. Sale Ait(RN.
Total: 0%- supplies"
196.jpg,MAKASSAR FRESH MARKET,2017-08-29,11:20:00,MYR,Grocery,193.17,11.59,204.76,46.3608,2.7816,49.1424,,"[{""name"": ""WHIOLENEAL"", ""qty"": 1, ""unit_price"": 22.78, ""total_price"": 22.78}, {""name"": ""SUNBO"", ""qty"": 1, ""unit_price"": 5.91, ""total_price"": 5.91}, {""name"": ""FER-VANILLA T"", ""qty"": 1, ""unit_price"": 19, ""total_price"": 19}, {""name"": ""CR-CORN S"", ""qty"": 1, ""unit_price"": 0.72, ""total_price"": 0.72}, {""name"": ""NE-FLEGG. VO"", ""qty"": 1, ""unit_price"": 1.03, ""total_price"": 1.03}, {""name"": ""CI TE"", ""qty"": 1, ""unit_price"": 2.13, ""total_price"": 2.13}]","V EDS14
MAKASSAR FRESH MARKET-SON, BAD EA
GROUND FLOOR:
GALAN SS 15/4B
47500 SUBANG DÄYA
8515/484952
SELANGOR:
VEIS:
Ridzian (11900)
3C DD: 29/08/2017
11:20
Description U.P Iss: Exc D Sales Amt(RH
0 С"
197.jpg,PINGHWAI TRADING SDN BHD,2017-08-22,15:01:00,MYR,Retail,393.0,0.0,393.0,94.32,0.0,94.32,CASH,"[{""name"": ""UDANG KERING"", ""qty"": 1.0, ""unit_price"": 73.0, ""total_price"": 73.0}, {""name"": ""FISH MAW (SWIMMING BLADDER)"", ""qty"": 20.0, ""unit_price"": 16.0, ""total_price"": 320.0}]","PINGHWAI TRADING SDN BHD
(1211036-W):
NO 2, JALAN METRO PERDANA TIMÜR 11
KEPONG ENTERPRENUERS PARK-
OFF JALAN KEPONG)
52100 KUALA LÜMPUR
TEL:603:62591420- FAX: 603-62592420
.GST ID: 001371123712
TAX I"
198.jpg,MAKASSAR FRESH HARKETE SDN BHD,2017-08-20,10:54:00,MYR,Food & Beverage,131.54,7.88,139.42,31.5696,1.8912,33.4608,,"[{""name"": ""JUNBO"", ""qty"": 2, ""unit_price"": 11.12, ""total_price"": 22.24}, {""name"": ""CHOCLT"", ""qty"": null, ""unit_price"": 0.72, ""total_price"": 3.0}, {""name"": ""FOtO"", ""qty"": 120, ""unit_price"": null, ""total_price"": 26.6}]","EVEOSI4
Date::
20/.00/60-
MAKASSAR FRESH HARKETE SDN BHD:S
GROUND FLOOR, NO. 4 2 67
JALAN SS 15/48;
·47500 SUBANG JAYAK&SELANGOR
V E05: Ridzuaii(11900)2
:DD: 20/08/2017: 10:54f3
Description: U.P.Issi "
199.jpg,MAKASSAR FRESH,2017-08-18,10:47:00,MYR,Grocery,16.34,0.56,16.9,3.9216,0.1344,4.056,CASH,"[{""name"": ""O. WHITE"", ""qty"": 1, ""unit_price"": 2.13, ""total_price"": 2.13}, {""name"": ""HOLEMEAL"", ""qty"": 1, ""unit_price"": 2.78, ""total_price"": 2.78}, {""name"": ""BONZ SAVER"", ""qty"": 1, ""unit_price"": 2.97, ""total_price"": 2.97}, {""name"": ""CR-CHOCLT"", ""qty"": 1, ""unit_price"": 0.72, ""total_price"": 0.72}]","GARDENIABA
'Lot 3,
:40300 Sha
fel: 03-554232
STA: 00
TAX: INOICE: / ADJUS
:Cash Inv No.
VE0514
Date: 18/08
MAKASSAR FRESH, MARKET SON: BHD
SALAN 5 07, 0. 418. 6,
SUBANG JAYA,
VENS: Ridzunn(11900)
DD: "
200.jpg,MAKASSAR FRESH MARKET SDN: BHD:,2017-08-16,11:41:00,MYR,Grocery,14.4,0.86,15.26,3.456,0.2064,3.6624,CASH,"[{""name"": ""KHOL EMEAL"", ""qty"": 1, ""unit_price"": 13.9, ""total_price"": 13.9}, {""name"": ""BONZ SAVERA"", ""qty"": 1, ""unit_price"": 2.97, ""total_price"": 2.97}, {""name"": ""CR- CHOCLTE"", ""qty"": 1, ""unit_price"": 0.72, ""total_price"": 0.72}]","Cash
VE0514
uate:
:::16/08/
MAKASSAR FRESH NARKET-SDN: BHD:
GROUND FLOOR, NO. 4 & 6;
JALAN SS 15748, 21
47500 SUBANG JAYA, SELANGOR:
VE05:
:Ridzuon(11900)3:
xDD:16/08/2017 11:41-
Desciiption U:P Iss: "
201.jpg,CAKASSAR FRESH MARKET SDN BHD,2017-08-15,02:11:37,MYR,Grocery,37.0,0.86,37.86,8.88,0.2064,9.0864,,"[{""name"": ""KHOLENEAL!"", ""qty"": 1, ""unit_price"": 12.073, ""total_price"": 12.073}, {""name"": null, ""qty"": 1, ""unit_price"": 14.4, ""total_price"": 14.4}, {""name"": null, ""qty"": 1, ""unit_price"": 0.72, ""total_price"": 0.72}]","(Cush Inv:
VE0S14
‹Date: (15/08/2017.
CAKASSAR FRESH MARKET SDN BHD PAN
GROUND FLOOR, NO-
18 6
DALAN SS 15/4B,2
47500 SUBANG JAYA SELANGOR
IV.E0S: Ridziian(11900)S
aift: 37:
0 V2DD:15/08/20172:11:37
D"
202.jpg,MAKASSAR FRESHIARKET SDN. BHD,2017-08-03,10:29,MYR,Food & Beverage,44.8,4.0,48.8,10.752,0.96,11.712,,"[{""name"": ""KAYA PANON"", ""qty"": 2.4, ""unit_price"": 10.0, ""total_price"": 24.0}]","Cotan c
40300 Shah Alam.
ETc: 03-55423228: MаX:03.
BOSTID: 000381399(
:CS. D30003815990-
Casn Inv No: 7803F713
*VE0S14
Date: 03/08/2017
MAKASSAR FRESHIARKET SDN. BHD
GROUND FLOOR NO 24 6/67
¿DALAN SS "
203.jpg,MAKASSAR FRESH MARKET SDN-BHD,,,MYR,Grocery,139.4,6.48,145.88,33.456,1.5552,35.0112,,"[{""name"": ""Ricizuan"", ""qty"": null, ""unit_price"": null, ""total_price"": null}, {""name"": ""WHOLEHEAL"", ""qty"": null, ""unit_price"": 13.9, ""total_price"": null}, {""name"": ""C JUMBO"", ""qty"": null, ""unit_price"": null, ""total_price"": 14.85}, {""name"": ""DELICA-B/SCOTCH"", ""qty"": 3, ""unit_price"": 10.4, ""total_price"": null}, {""name"": ""CR-CHOCLTY"", ""qty"": null, ""unit_price"": null, ""total_price"": 50.72}, {""name"": ""CR-BESCOTCHE"", ""qty"": 2.38, ""unit_price"": null, ""total_price"": null}, {""name"": ""ABUN-SBILIST"", ""qty"": null, ""unit_price"": 0.84, ""total_price"": null}, {""name"": ""CSL"", ""qty"": null, ""unit_price"": 1.16, ""total_price"": null}]","Dates
- MAKASSAR FRESH MARKET SDN-BHD
GROUND FLOOR! NO+S 6,
1A500 SANG AA
VEGS Ricizuan(119 D:07708/2017012:04
• Description 0:00155 EXCHO-Salem Ant CRI
LO CHIHITE
T310:650
WHOLEHEAL
13:90
10: C JUMBO"
204.jpg,MAKASSAR FRESH MARKET SON BHD,2017-08-04,10:56:00,MYR,Grocery,24.22,1.46,25.68,5.8128,0.3504,6.1632,,"[{""name"": ""CR-CHOCLT"", ""qty"": 0.72, ""unit_price"": null, ""total_price"": null}, {""name"": ""TWG TMISU"", ""qty"": 1, ""unit_price"": 12, ""total_price"": null}, {""name"": ""KAYA-ORI"", ""qty"": 2.4, ""unit_price"": 4, ""total_price"": 9.6}]","VE0S14
Date
MAKASSAR FRESH MARKET SON BHD
GROUND FLOOR, NO. 4 $ 6;
JALAN SS 15/4B,
47500 SUBANG JAYA, SELANGOR
VEOS: Azlan(3737)
-DD: 04/08/2017- 10:56=
Description & U.P:Iss EXC O DiSales Amt(RH)9
до"
205.jpg,MAKASSAR FRESH MARKET SDN BHD,2017-08-01,12:05:00,MYR,Grocery,117.05,7.02,124.07,28.092,1.6848,29.7768,,"[{""name"": ""HOLEREA"", ""qty"": 1, ""unit_price"": 8.52, ""total_price"": 8.52}, {""name"": ""WHITE"", ""qty"": 1, ""unit_price"": 2.78, ""total_price"": 2.78}, {""name"": ""O COU:BO"", ""qty"": 1, ""unit_price"": 2.97, ""total_price"": 2.97}, {""name"": ""FCR-VANILLA"", ""qty"": 1, ""unit_price"": 7.2, ""total_price"": 7.2}, {""name"": ""CRECORN"", ""qty"": 10, ""unit_price"": 0.72, ""total_price"": 7.2}]","- V I05 14
S MAKASSAR FRESH MARKET SDN BHD
AGROUND: FLOOR, NOTEA& 6,D
JALAN SS:15/4B,
647500 SUBANG JAYA SELANGOR
VEDS. Ridzunn(11900)
: DD: 01/08/2017
: 12:05
Description U.P Iss EXC D.Sale Anit(RU)!"
206.jpg,Fresh Market Sdn Bhd,2017-09-23,11:23:00,MYR,Grocery,10.65,0.22,10.87,2.556,0.0528,2.6088,,"[{""name"": ""CR-CORN"", ""qty"": 5, ""unit_price"": 2.15, ""total_price"": 10.75}, {""name"": ""CR-BISCOTCH"", ""qty"": 0.722, ""unit_price"": 2.3, ""total_price"": 1.66}]","Cashi Inv No.:: 7923F714
VEÜS 142
:Date: 23709/2017.
MAKASSAR: FRESH MARKET-SDN-BHD
GROUND FLOOR,
No. 4 € 6,
JALAN: SS 15/4B,
(47500) SUBANG DAYA; SELANGOR
VI:05: Ridzuni (11900);
DD: 23/09/2017 C 11:"
207.jpg,ANANASSAR FRESH MARKET SDN:BHD:,2017-09-22,14:40:00,MYR,Grocery,56.93,3.41,60.34,13.6632,0.8184,14.4816,CASH,"[{""name"": ""O.C. WHITE WHOLEMEAL"", ""qty"": 3, ""unit_price"": 2.73, ""total_price"": 8.19}, {""name"": ""O. C SUARO"", ""qty"": 1, ""unit_price"": 2.97, ""total_price"": 2.97}, {""name"": ""CR-CHOCLI"", ""qty"": 1, ""unit_price"": 0.72, ""total_price"": 0.72}, {""name"": ""SQ-S BERRY"", ""qty"": 1, ""unit_price"": 0.84, ""total_price"": 0.84}, {""name"": ""MUFFIN CON"", ""qty"": 1, ""unit_price"": 1.25, ""total_price"": 1.25}, {""name"": ""TNG: THIS"", ""qty"": 1, ""unit_price"": 11.33, ""total_price"": 11.33}]","GARDENIA B
sTel: 03- 55423k
TAX INCE AS
Cash In. No.
•Date: 22/09%
ANANASSAR FRESH MARKET SDN:BHD:
No. 4. 8.6,
слойнО 5 15/4 VA SELAR
SUBANG:
•VEOS, Ridzumn (11900)
DD: 22/09/2017
110:521
- Descriptio"
208.jpg,MAKASSAR FRESH MARKET,2017-09-21,12:28:00,MYR,Grocery,23.38,1.14,25.52,5.6112,0.2736,6.1248,CASH,"[{""name"": ""WHITE"", ""qty"": 10, ""unit_price"": 2.13, ""total_price"": 21.3}, {""name"": ""JUNSO"", ""qty"": 1, ""unit_price"": 2.97, ""total_price"": 2.97}, {""name"": ""DEL ICTA-B/SCOTCH"", ""qty"": 1, ""unit_price"": 3.72, ""total_price"": 3.72}, {""name"": ""ASO-CHOCHLT"", ""qty"": 1, ""unit_price"": 6.0, ""total_price"": 6.0}]","GARDONA LOT
Lot 3,
Lot 3
440300 S0
:40300 Sh
:Tel: 03: 554232
GST11: 00
TAX INVOICE / ARJU:
:Cash Inv: No.:
tashi Lny no ea
Date:
MAKASSAR FRESH MARKET SON BHO
21/02
GROUND FLOOR: INO: 4.8:6.
JALAN: S"
209.jpg,HAKASSAR: FRESH MARKET. SDN BHO.,2017-09-20,12:18:00,MYR,Grocery,24.55,1.44,26.0,5.892,0.3456,6.24,CASH,"[{""name"": ""WHITE"", ""qty"": null, ""unit_price"": 10.65, ""total_price"": 13.9}, {""name"": ""WHOLEMEAL:"", ""qty"": null, ""unit_price"": 12.78, ""total_price"": null}, {""name"": ""CR-CHOCLT"", ""qty"": null, ""unit_price"": 10.72, ""total_price"": null}]","INA:
Cash Inv No.
VE0514
Date: 20/09/2017
HAKASSAR: FRESH MARKET. SDN BHO.
GROUND FLOOR, NO. 4 & 6;
JALAN: S$ 15/48,
47500 SUBANG JAYA.
SELANGOR
:VE05: Ridenan (11900)
DD: 20/09/2017:
12:18
Descriptio"
210.jpg,E MAKASSAR: FRESH MARKET SON BHD,2017-09-14,11:40:00,MYR,Food & Beverage,17.702,2.14,19.84,4.2485,0.5136,4.7616,CASH,"[{""name"": ""O.C WHTTE"", ""qty"": 1, ""unit_price"": 6.392, ""total_price"": 6.392}, {""name"": ""HHOLENEALE"", ""qty"": 1, ""unit_price"": 2.78, ""total_price"": 2.78}, {""name"": ""CR-B SCOTCH"", ""qty"": 1, ""unit_price"": 0.72, ""total_price"": 0.72}, {""name"": ""BUN SBILIS"", ""qty"": 1, ""unit_price"": 0.84, ""total_price"": 0.84}]","Cash _nv
VLa
E MÁKASSAR: FRESH NARKET SON BHD:
¿GROUNO FLOOR: NO: 4 $ 65
SJALAN SS 15/4B,
·47500 SUBANG JAYA, 'SELANGOR
BVEOS: Ridzuan (11900)
DD: 14/09/2017- 11:40
Description U.P. Iss Exc D:Salex An"
211.jpg,MAKASSAR FRESH MARKET SDN BHD,2017-02-09,12:57:00,MYR,Grocery,10.08,0.6,10.68,2.4192,0.144,2.5632,,"[{""name"": ""CREVANILLA"", ""qty"": 0.72, ""unit_price"": null, ""total_price"": null}, {""name"": ""CR-CORNSS"", ""qty"": 0.72, ""unit_price"": null, ""total_price"": null}, {""name"": ""KAYA-PANDN"", ""qty"": 2.4, ""unit_price"": null, ""total_price"": null}, {""name"": null, ""qty"": 15, ""unit_price"": 0.72, ""total_price"": 10.8}]","VI0514
Date: 02/03
MAKASSAR FRESH MARKET SDN BHD
GROUND FLOOR,
ENO: 4 & 6,
'JALAN SS 15/4B;
47500 SUBANG JAYA, SELANGOR
VE05: Ridzunn (11900)
DD: 02/09/2017
12:57
Description U.P Iss Exc /D-Sale Ant(R"
212.jpg,ENAKASSAR FRESH MARKETI SON BHD,2017-09-27,11:48:00,MYR,Grocery,23.64,1.416,28.98,5.6736,0.3398,6.9552,CASH,"[{""name"": ""KAITE"", ""qty"": null, ""unit_price"": null, ""total_price"": 2.78}, {""name"": ""C. JUNBO"", ""qty"": null, ""unit_price"": null, ""total_price"": 20.97}, {""name"": ""BarOn"", ""qty"": null, ""unit_price"": null, ""total_price"": 0.0}]","TAX:
Cash InVIN
:V.E0514
ENAKASSAR FRESH MARKETI SON BHD
GRCUND FLOOR, NO. 4 4 6;
ALAN S$ 15/4B,
47500 SÜBANG DAYA, SELANGORĂ
VILOS_ Ridzuan (0,1900) =ER#2
AX:DD:27/09/2017 11:487
Description MU:P)Iss"
213.jpg,HAKASSAR FRESH MARKET SDN: BHD,2017-09-26,15:35:62,MYR,Grocery,33.6,2.02,35.62,8.064,0.4848,8.5488,,"[{""name"": ""WHOLEHEAL"", ""qty"": 1, ""unit_price"": 5.56, ""total_price"": 5.56}, {""name"": ""CRECONNA"", ""qty"": 1, ""unit_price"": 2.97, ""total_price"": 2.97}, {""name"": ""ALA 7215"", ""qty"": 1, ""unit_price"": 10.8, ""total_price"": 10.8}, {""name"": ""02RA15"", ""qty"": 1, ""unit_price"": 10.8, ""total_price"": 10.8}, {""name"": ""KAYA-PANDN"", ""qty"": 2, ""unit_price"": 6, ""total_price"": 12}]","V 10514
Date:
HAKASSAR FRESH MARKET SDN: BHD
GROUND FLOOR, NO. 4 6 6,
JALANDSS 15/4B)
42500 SUBANG JAYA, SELANGOR
VE05:
Azlan (3737)
DD: 26/09/2017:312:202
Description :U.P Iss: EXCID Sale Ant CRu)
16"
214.jpg,HARASSAR FRESH MARKET SDN BHD,2024-09-24,,MYR,Grocery,313.82,0.0,313.82,75.3168,0.0,75.3168,,"[{""name"": ""\u0421\u0430\u043c\u0456\u0442\u0430"", ""qty"": 1, ""unit_price"": 135.0, ""total_price"": 135.0}, {""name"": ""WHOL EMEAL"", ""qty"": 2, ""unit_price"": 13.9, ""total_price"": 27.8}, {""name"": ""OZZA"", ""qty"": 1, ""unit_price"": 65.6, ""total_price"": 65.6}, {""name"": ""AGSTA"", ""qty"": 1, ""unit_price"": 22.0, ""total_price"": 22.0}]","TAR
Casn Invol
Date: 24/09
HARASSAR FRESH MARKET SDN BHD
SALAN 85/10 416
X47500-SUBANG JAYAK SELANGOR
VEST 492DD. 2400/201700472
Description a U:PrIss EXC&D Sale AntCRI)SSE
о Саміта (2,135g0
ANO
15221"
215.jpg,Ridizian,2017-09-12,11:58:00,MYR,Food & Beverage,53.48,3.21,56.69,12.8352,0.7704,13.6056,,"[{""name"": ""HOLEMEAL"", ""qty"": 3, ""unit_price"": 3.18, ""total_price"": 9.54}, {""name"": ""DELTOTA-B/BERRY 3L"", ""qty"": 1, ""unit_price"": 0.72, ""total_price"": 0.72}, {""name"": ""HAZEL CHOC"", ""qty"": 1, ""unit_price"": 6.9, ""total_price"": 6.9}]","V. E0514
SCROUND FLOOR, NO. 4 S
MALAN: SS 15/48;;
175005 SUBANG DAYA,
SELANGOR S
AV EOSE Ridizian (11900):
ADD: 12/09/2017 11.581
Description n
213
3 HOLEMEAL,
CHUNBO
3/18
Total 0% supplies
DELTOTA-B/"
216.jpg,MAKASSAR FRESH MARKET SDN BHO,2017-09-06,11:00:00,MYR,Grocery,27.1,1.66,28.76,6.504,0.3984,6.9024,,"[{""name"": ""MACHOLEHEAL"", ""qty"": 1, ""unit_price"": 20.0, ""total_price"": 20.0}, {""name"": null, ""qty"": 1, ""unit_price"": 2.97, ""total_price"": 2.97}, {""name"": null, ""qty"": 1, ""unit_price"": 10.05, ""total_price"": 10.05}]","TAX: --
Cosh Ine No.
VE.0514
Date: 06/09/2017
MAKASSAR FRESH MARKET SDN BHO
GROUND FLOOR: NO. 4 8 6,
SON SURANC SA SELANCOR
VIeS Ridi DD: 06/0/2017 11.00
Description HU PRIss Exc D Sale AnitcRu)2
10.0"
217.jpg,MAKASSAR FRESH,2017-10-02,12:37:00,MYR,Food & Beverage,57.2,3.38,60.58,13.728,0.8112,14.5392,,"[{""name"": ""WHOLENEAL"", ""qty"": 2, ""unit_price"": 2.97, ""total_price"": 5.94}, {""name"": ""C JUNBO"", ""qty"": 4.282, ""unit_price"": 20, ""total_price"": 85.64}, {""name"": ""DELTCIA-B/SCOTCH"", ""qty"": 1, ""unit_price"": 0.72, ""total_price"": 0.72}, {""name"": ""CR-CHOCLT"", ""qty"": 1, ""unit_price"": 16, ""total_price"": 16}, {""name"": ""CR-BISCOTCH"", ""qty"": 0.72, ""unit_price"": null, ""total_price"": null}]","Date:
MAKASSAR FRESH: MARKET: SDN: BHDI
GROUND FLOOR, 10: 4 & 6,
JALAN SS 1574B,
47500 SÜBANG JAYA, SELANGOR
VE0SE
Ridzunn (11900):
DD: 02/10/20170/12:37:
•Description
.U.P-Iss Exc: D Sale AintCRI) !
"
218.jpg,MAKASSAR FRESH HARKET SON BHD,,12:974,MYR,Grocery,1576.0,35.0,2119.0,378.24,8.4,508.56,,"[{""name"": ""CR-CHOCL"", ""qty"": 2, ""unit_price"": 10, ""total_price"": 20}, {""name"": ""O G JUMBO"", ""qty"": null, ""unit_price"": null, ""total_price"": null}, {""name"": ""OROHITE"", ""qty"": 2, ""unit_price"": 5, ""total_price"": 10}]","TAL L
mas caso- nva
V E0514
3 pater
MAKASSAR FRESH HARKET SON BHD
GROUND FLOOR, NO, 489
DALAN SSY15/4B,
47500 SUBANG JAYA; 'SELANGOR
VE0S: Azlăn(3737)*
Ti:37371 BD:0709/2017:10421
Description U:PiIss "
219.jpg,HARASSAR FRESH MARKET SDN: BHD,2017-10-28,14:40,MYR,Grocery,5410.657,217.8,5628.457,1298.5577,52.272,1350.8297,,"[{""name"": ""CR-VANILLA"", ""qty"": null, ""unit_price"": null, ""total_price"": 128.91}, {""name"": ""CR-B SCOTCH"", ""qty"": null, ""unit_price"": null, ""total_price"": 32.26}, {""name"": ""O. C/JUMBO 3"", ""qty"": null, ""unit_price"": 12.97, ""total_price"": 435}, {""name"": ""GSL"", ""qty"": null, ""unit_price"": 0.56, ""total_price"": 0.92}]","VIDS 14
Date
HARASSAR FRESH MARKET SDN: BHD
GROUND -FLOOR, NO'S 8E
147500 SUNG SAVA
120803 DD: 28/10/2017 1126
Description U:PRISS EXCID SoleC:Ant(RA)0
X0LO
5410.657
2178
O. C/JUMBO 3
12:97.
435*
128."
220.jpg,NAKASSAR FRESH MARKETL SDN BHD,2017-10-16,12:14:00,MYR,Grocery,25.96,0.93,26.89,6.2304,0.2232,6.4536,,"[{""name"": ""WHOLEMEALS"", ""qty"": 1, ""unit_price"": 18.52, ""total_price"": 18.52}, {""name"": ""O SAVIO"", ""qty"": 1, ""unit_price"": 2.97, ""total_price"": 2.97}, {""name"": ""CR-BISCOTCHS"", ""qty"": 18, ""unit_price"": null, ""total_price"": 5.04}, {""name"": ""BUN-SBILTSA"", ""qty"": 1, ""unit_price"": 0.84, ""total_price"": 0.84}, {""name"": ""OELICLA-BISCOTC"", ""qty"": 2, ""unit_price"": null, ""total_price"": 6}]","Date:
NAKASSAR FRESH MARKETL SDN BHD
GROUND: FLOOR, NO 4 & G,
YPALAN, SS 15/4B.
47500 SUBANG-JAYA SELANGOR:
-VEOS: Ridzunu (11900)*
M2DD: 16/10/2017 12:14-
;Description - U.P Iss
AU.P ISS ExC
:D Sale
"
221.jpg,HAKASSAR FRESH NARKET SDN BHD,2017-10-13,11:30:00,MYR,Grocery,27.643,1.66,29.3,6.6343,0.3984,7.032,,"[{""name"": ""MITTEL"", ""qty"": 2, ""unit_price"": 2.13, ""total_price"": 4.26}, {""name"": ""WHOLEMEALS"", ""qty"": 1, ""unit_price"": 18.34, ""total_price"": 18.34}, {""name"": ""CR-CHOCL TE"", ""qty"": 1, ""unit_price"": 0.72, ""total_price"": 0.72}, {""name"": ""TEBANANA"", ""qty"": 1, ""unit_price"": 5.25, ""total_price"": 5.25}, {""name"": ""YA-ORT"", ""qty"": 1, ""unit_price"": 1.44, ""total_price"": 1.44}]","Date:
HAKASSAR FRESH NARKET SDN BHD
GROUND FLOÖR, NO?
24 &16)
JALAN SS 15/4B,
47500 SUBANG JAYA SELANGOR
VE05. Ridzuinn (11900) E3
D PDD::13/10/2017 11:3072
Deschiption :SU:P IsS ExCMD Salel Amt(RI)
0"
222.jpg,MAKASSAR FRESH MARKET SDN BHD,2017-10-11,11:39:00,MYR,Food & Beverage,23.38,3.72,27.1,5.6112,0.8928,6.504,CASH,"[{""name"": ""CUKHITES"", ""qty"": 1, ""unit_price"": 2.13, ""total_price"": 2.13}, {""name"": ""WHOLEMEAL"", ""qty"": 1, ""unit_price"": 2.78, ""total_price"": 2.78}, {""name"": ""O C JUMBO S"", ""qty"": 1, ""unit_price"": 11.88, ""total_price"": 11.88}, {""name"": ""CR-CHOCLT"", ""qty"": 1, ""unit_price"": 0.72, ""total_price"": 0.72}]","-IGARDENIA B
L:ote
·40300 S
2Lcl: 03-55423
GST. IDA
SSTIDN
: Cash Inv No.a
Däte: 11/10/
MAKASSAR FRESH NARKET: SDN BHD
-NO::4 8 G,
GROUND: FiOR No. 46 60
JALAN, SS 25/4B,
47500 SUBANG JAYA, :SELANGOR "
223.jpg,MAKASSAR FRESH MARKET SDN BHDS,2017-10-07,12:06:03,MYR,Grocery,14.4,0.86,15.26,3.456,0.2064,3.6624,,"[{""name"": ""CEMITE"", ""qty"": 1, ""unit_price"": 8.34, ""total_price"": 8.34}, {""name"": ""WHOLEMEAL"", ""qty"": 1, ""unit_price"": 2.78, ""total_price"": 2.78}, {""name"": ""SCOTCH"", ""qty"": 1, ""unit_price"": 0.72, ""total_price"": 0.72}]","TAK*.**
Casni the oz
VEOS14:
MAKASSAR FRESH: HARKET SDN BHDS
(como r.og. 10: 18204500
JALAN SS 15/4B;
47500, SUBANG JAYA SELANGOR
YEOS ARiCZUAA (A900)
RDD: 07/10/2017-
12:063
:Description LU:PIIss. Ex"
224.jpg,NAKASSAR FRESH MARKET SDN: BHD:,2017-10-06,11:05:00,MYR,Grocery,133.84,0.0,133.84,32.1216,0.0,32.1216,CASH,"[{""name"": ""MHOLEMEAL N22-78%"", ""qty"": 8.34, ""unit_price"": 10.65, ""total_price"": 88.81}, {""name"": ""COLC JUMBO"", ""qty"": 2.97, ""unit_price"": 5, ""total_price"": 14.85}]","40300 Shah Alum, Sci
Tel: 03-55423228 Fox:03-
GSTID: 000381399040
- TAX INVOICE / ADJUSTIENT. NOTE
Cash Inv. No: 7006F714
VE0S14
Date: 06/10/20121
NAKASSAR FRESH MARKET SDN: BHD:
GROUND FLOOR, NO. 4 &"
225.jpg,HAKASSAR FRESH MARKET,2017-10-27,11:00:00,MYR,Grocery,25.96,9.92,35.88,6.2304,2.3808,8.6112,,"[{""name"": ""6C WHITE"", ""qty"": 2, ""unit_price"": 10.0, ""total_price"": 20.0}, {""name"": ""SHOL EMEAL S"", ""qty"": 1, ""unit_price"": 5.56, ""total_price"": 5.56}, {""name"": ""21.83 D"", ""qty"": 1, ""unit_price"": 21.83, ""total_price"": 21.83}]","VEOS14
te: 27)
HAKASSAR FRESH MARKET: SON BHO
GROUND FLOOR, NO LUS 6,
47:00 BANG AVA SELANICOR
V COS: Ridzian (11900) X
SPADD: 27/10/2017
• 11:00
Description UP Iss EXC DiSale. Amt(RI).
6C WHITE 2!
21"
226.jpg,,,,MYR,Other,29.59,1.18,30.77,7.1016,0.2832,7.3848,,"[{""name"": null, ""qty"": 10, ""unit_price"": 4.9, ""total_price"": 49.0}, {""name"": ""40CK-(F00K)"", ""qty"": 1, ""unit_price"": 5.9, ""total_price"": 5.9}]","Date
Counter
2122
280187420000:
$4:90 × 10
50,00%51.
- 2801874300007
40CK-(F00K) CNY.
5.90301
"" Disc
50:00%)
2,959
No of
Items
7.31
-5:40г
-change RM 47%140
Served by YINMA SEGAMBUT
******
***********"
227.jpg,YONGCHUN LOKAM MANDARI,2016-01-21,,MYR,Retail,229.0,33.2,262.2,54.96,7.968,62.928,CREDIT,"[{""name"": ""P19"", ""qty"": 1, ""unit_price"": 13.8, ""total_price"": 13.8}, {""name"": null, ""qty"": 20, ""unit_price"": null, ""total_price"": null}]","99-3r0
JALAN KAPAR, CHUKIH KAPAR,
N9142100 KLANG, SELANGORS
$1320-THIE BATU
GST:10. NO. 0001817477127
01343PH:
3559843911
21r231-01-16
2838: YONGCHUN LOKAM MANDARI:
P19:X RH$13,80
RN262:20 z
Total Sal"
228.jpg,AARUALL,,,MYR,Retail,396.0,,,95.04,,,,"[{""name"": ""TIGAS"", ""qty"": null, ""unit_price"": null, ""total_price"": null}, {""name"": ""ETPAPER"", ""qty"": null, ""unit_price"": null, ""total_price"": null}, {""name"": ""H B\u00c2O PJR-SCXLE"", ""qty"": null, ""unit_price"": null, ""total_price"": null}, {""name"": ""tem(s)"", ""qty"": 50, ""unit_price"": null, ""total_price"": null}]","AARUALL
TIGAS
29100
601YA
T01
ETPAPER
6940
08425
H BÂO PJR-SCXLE
9033806:
MAGIC!
SET
149:
tem(s)
50
RM396:"
229.jpg,KEDAIUBAT & RUNCIT HONG,2016-12-24,14:28:22,MYR,Healthcare,20.0,1.2,24.1,4.8,0.288,5.784,CASH,"[{""name"": ""FITN HAN"", ""qty"": 1, ""unit_price"": 18.87, ""total_price"": 18.87}, {""name"": ""GARDENIA CE-CH\u00d6CLI gU8O"", ""qty"": 1, ""unit_price"": 0.85, ""total_price"": 0.85}, {""name"": ""MASSIMO DUE-COFFEE"", ""qty"": 1, ""unit_price"": 4.83, ""total_price"": 4.83}]","KEDAIUBAT & RUNCIT HONG
:NING SDN: BHD-
(717833-F)
(GSTID Na: 002006143410)
NOB, JALAH LANG KUNDIG;
KEPONG BARIJ;
32100 KUALA LUMPUR
Tol: 03-6273-2143
BiTING
: P0S1268512
Dato
: 24/12/16 2:28:22 PM
Ca"
230.jpg,Golden Arches Restaurants Sdn Bhd,2016-12-03,11:06:11,MYR,Food & Beverage,13.0,0.83,14.7,3.12,0.1992,3.528,CASH,"[{""name"": ""asal S Cappucino"", ""qty"": 1, ""unit_price"": 4.7, ""total_price"": 4.7}, {""name"": ""S Green Tea Latte"", ""qty"": 1, ""unit_price"": 10.0, ""total_price"": 10.0}]","thà
Golden Arches Restaurants Sdn Bhd
(65351-M).
:Level 6, Bangunan TH, Damansara Uptown3
No.3, Jalän SS21/39,47400 Petal:ing Jaya
Selangor
(GST ID No: 000504664064)
McDonald's. Dataran Pahlawan 2(#24"
231.jpg,GUDANG HASIL' RESTAURANT SDN BHD,2016-12-02,12:33:00,MYR,Food & Beverage,15.8,0.89,20.0,3.792,0.2136,4.8,CASH,"[{""name"": ""PEANUT C. CRC200G"", ""qty"": 1, ""unit_price"": 7.9, ""total_price"": 7.9}, {""name"": ""TARO C. CRAC-200G"", ""qty"": 1, ""unit_price"": 7.9, ""total_price"": 7.9}]","GUDANG HASIL' RESTAURANT SDN BHD
(1157059-U)
NO. 33, LRG HANG JEBAT; MELAKA
(GST ID:001706905600)
• C
MC' #03
REG /KER YUN: 02-12-2016 12:33, PM:000093
honod
PEANUT C. CRC200G
RM7:90
S,:
#955579850002"
232.jpg,ANCHOR,,,MYR,Grocery,65.45,,85.49,15.708,,20.5176,,"[{""name"": ""SERBUK CUCIAK"", ""qty"": null, ""unit_price"": null, ""total_price"": null}, {""name"": ""DOVE CREAM BAR"", ""qty"": null, ""unit_price"": null, ""total_price"": null}, {""name"": ""LEE KUM KEE 505 TIRAM"", ""qty"": null, ""unit_price"": null, ""total_price"": null}]","OST ON
INDICE NO.
117873/102/102531
73
901PHT
24561752218
7967, ANCHOR, SERBUK CUCIAK.
336C-XRM B.901
739 CONTENE TIL DAMAGE CARE,
ARH9.652
T8B6 DOVE CREAM BAR SOAR 00
10YR. XR265
1 265 LEE KUM KEE 50"
233.jpg,KEDAT UBAT & RUNCIT HONG NING SON BHD,2016-02-02,10:23:36,MYR,Retail,676.0,38.27,714.27,162.24,9.1848,171.4248,CASH,"[{""name"": ""BOMEC'S LUCKY BLESSINGS"", ""qty"": 1, ""unit_price"": 540.0, ""total_price"": 540.0}, {""name"": ""SOMECE CIT OF HAPPIES"", ""qty"": 2, ""unit_price"": 68.0, ""total_price"": 136.04}, {""name"": ""SR"", ""qty"": 4, ""unit_price"": 1000.0, ""total_price"": 4000.0}]","KEDAT UBAT & RUNCIT HONG
NING SON BHD:
(717833-71
(GSTID Na: 002006163456)
HOB, JALAN LANG KUNING
REPONG BARU;
32100 KUALA LUMPUR:
Tol: 03-6273.2163
90S/132621
02/02/16 10:23:36 AM
Bill 270
Dato
Casti"
234.jpg,POT HOLDEREY SQUARE,,,MYR,Retail,,,67.0,,,16.08,CASH,"[{""name"": ""E CNY RIRBON 2:0CM"", ""qty"": null, ""unit_price"": null, ""total_price"": null}, {""name"": ""AJC31/2 107600 L 8711015 13X 1250 5*S 130100003"", ""qty"": null, ""unit_price"": null, ""total_price"": null}, {""name"": ""1RA 26.40 FRM 30:40 CARM 4:00"", ""qty"": null, ""unit_price"": null, ""total_price"": null}]",": 43300-
SERI-KEMB
ID:No:: 000473792512231
(KEPONG)-
TAX:
INVDICE
-POT HOLDEREY SQUARE)
MRL1/203-10/3005
-]
49067896
E CNY RIRBON 2:0CM)
AJC31/2 107600
L 8711015
13X 1250
5*S
130100003
TOTAL INCL GETO"
235.jpg,Selayang Mall,,,MYR,Retail,,,,,,,,"[{""name"": ""Toilet Paper Holder"", ""qty"": 1, ""unit_price"": 17.5, ""total_price"": 17.5}, {""name"": ""Cable Tie 100pc"", ""qty"": 1, ""unit_price"": 7.5, ""total_price"": 7.5}, {""name"": ""In Cable-Tie 100pc"", ""qty"": 1, ""unit_price"": null, ""total_price"": null}, {""name"": ""Cable Tie 100pc Black"", ""qty"": 1, ""unit_price"": 15.9, ""total_price"": 15.9}]","(GST CID
(SELAYANG MALL
*- TAX: INVOICE-
TOILET PAPER HOLUER 843-25031 #
LW-18
: 29%
2126946208425037:
X$17:50g
7.50g
IN CABLE-TIE 100PC:403019 BLACK 2001M/8-552
10132-42 - 10/100
M6942629215400
21
10"
236.jpg,KALASAN BERTND A HRUKAY,,,MYR,Other,,,,,,,CASH,"[{""name"": ""SCIP-MAT-820N 30%50CMKVS"", ""qty"": 16, ""unit_price"": null, ""total_price"": null}, {""name"": ""LEX70%"", ""qty"": 5, ""unit_price"": null, ""total_price"": null}]","KALASAN BERTND A HRUKAY
43300)
EI(GST-
:9000473
L KEPONG)N
INVOICE
SCIP-MAT-820N 30%50CMKVS
16/120
X LEX70%,
Qty(5)
:MH22/
0673
uItem(s).
ph
HASTOTAL-INCL
CGSTOb%
E- CASH A 3
CHANGEL
aTERN2100
E6ST C6"
237.jpg,,,,MYR,Other,,,,,,,,[],"PELAED
RE
APLACEMA
ME412
906142
DO.P
37.0%
KRM700
21, 20.00T
TRM 3:0041
W'iti
ARM:0:40:
BTR000375"
238.jpg,Batoli,,,,Retail,,,,,,,,"[{""name"": ""MOUSE; RAD LAT"", ""qty"": null, ""unit_price"": null, ""total_price"": null}, {""name"": ""CUSHION 42*42CM"", ""qty"": null, ""unit_price"": 57.6, ""total_price"": null}]","AG321 10/2000;
182.
558741378
Batoli
693409149059 3
¡MOUSE; RAD LAT
NG31/2
2025/400
89913702
CUSHION 42*42CM
57:60
251.
:90645268
Item(s) 64:47
2030 240
930903129
X 39013:900
32,80 0
53:00/"
239.jpg,null,,21:30:00,MYR,Retail,32.0,0.0,32.0,7.68,0.0,7.68,CREDIT,"[{""name"": ""MASSIKO WHEAT"", ""qty"": 1, ""unit_price"": 2.25, ""total_price"": 2.25}, {""name"": ""PANTENE HAIR FALL CONTROL"", ""qty"": 1, ""unit_price"": 10.95, ""total_price"": 10.95}, {""name"": ""PANTENE TTL DAMAGE CARE"", ""qty"": 1, ""unit_price"": 10.95, ""total_price"": 10.95}, {""name"": ""AJI-SHIO BLACK PEPPER"", ""qty"": 1, ""unit_price"": 5.75, ""total_price"": 5.75}, {""name"": ""COLGATE BERUS GIGI ZIG"", ""qty"": 1, ""unit_price"": 7.2, ""total_price"": 7.2}, {""name"": ""COLGATE GREAT REGULAR"", ""qty"": 2, ""unit_price"": 7.5, ""total_price"": 15.0}, {""name"": ""YEO'S SOYA BEAN PEK"", ""qty"": 1, ""unit_price"": 13.5, ""total_price"": 13.5}, {""name"": ""VED'S TEH BUNGA PER"", ""qty"": 1, ""unit_price"": 3.0, ""total_price"": 3.0}]","$,16059
GST: I0:
NO
000181747712
BASE
INVOICE NO
ARM:29AK S5
17545/102/T0040
558853
23493-01-16-4
L9500 MASSIKO WHEAT: GERH:400
*RH2.25 S 0
11988 PANTENE HAIR FALL CONT-
PH10.95 s.
• 1:
*739, PANTENE "
240.jpg,ALUEAT & RUNCIT HONG,2016-02-02,11:41:47,MYR,Food & Beverage,27.46,1.64,29.1,6.5904,0.3936,6.984,CASH,"[{""name"": ""GLORONBLEACH ONIGIVAL"", ""qty"": 1, ""unit_price"": 11.9, ""total_price"": 11.9}, {""name"": ""COCON SALT & LEMON CANDI"", ""qty"": 430, ""unit_price"": 0.04, ""total_price"": 17.2}]","E,
KLAD.
ALUEAT & RUNCIT HONG
NING SDN: BHD.
:(717833-5)
(GSTD No:002006163436)
NO8 ALAN LANGRUNLIG,
"" KEPONGBAEW;
1 :32100 KUALA LUMPUR
Tol: 03-6273 2163
. Bill 240
PO8118958
Dsite
02/02/16 11:41:47 "
241.jpg,ENOSCUTTO,2023-05-25,13:50:00,,Retail,149.0,31.0,180.0,,,,,"[{""name"": ""MIRROR STICKER 60CH\u00b721"", ""qty"": 1, ""unit_price"": 10.9, ""total_price"": 10.9}, {""name"": ""ALTABLE \u041c\u0410\u0422 \u0411\u041e\u0420-"", ""qty"": 1, ""unit_price"": 36.0, ""total_price"": 36.0}, {""name"": ""\u041c\u041e\u0420 HOOK-703#7"", ""qty"": 1, ""unit_price"": 6.5, ""total_price"": 6.5}, {""name"": null, ""qty"": 1, ""unit_price"": 24.0, ""total_price"": 24.0}]","ENOSCUTTO RACKET TOAM
103
- 25/50023
52 9021485
1x. 13:50-13.50%
MIRROR STICKER 60CH·21
10021-31/29,30
90665542-1
P:X:10.90-10:90-
ALTABLE МАТ БОР-
EAME31-36/149
9068193
МОР HOOK-703#7
6:50 г
31%53
20"
242.jpg,PLACENAT,,,USD,Retail,96.5,,96.5,96.5,,96.5,,"[{""name"": ""MOUSE, PAD"", ""qty"": 1, ""unit_price"": 25.9, ""total_price"": 25.9}, {""name"": ""CANTI, SLIP-MAT 820# 30*50CH"", ""qty"": 1, ""unit_price"": 23.0, ""total_price"": 23.0}, {""name"": ""ANTI SLIP MAT. 820#-45*100CM"", ""qty"": 1, ""unit_price"": 12.7, ""total_price"": 12.7}, {""name"": ""SHOWER CAP SET"", ""qty"": 1, ""unit_price"": 7.5, ""total_price"": 7.5}]","1A00 - 6/96
6934091490607
PLACENAT 145H
12 X 25:90)
$11:80 2
*S
IF31L
20/300
90623015
-3. X1 1.901
MOUSE, PAD TL*VS
RH21 12/480 9
29-9084980
3.30 23
CANTI, SLIP-MAT 820# 30*50CH*VS-
MH22/3.-
- 6/120
9"
243.jpg,Yam Fresh,2016-07-31,13:49:10,MYR,Food & Beverage,7.5,0.45,7.95,1.8,0.108,1.908,CASH,"[{""name"": ""Oyster Nee SuayA"", ""qty"": null, ""unit_price"": null, ""total_price"": 7.5}]","Yam Fresh
No. 145G, Jälan Rimbunan Raya 1pa
L'aman Rimbunan: Kepong,
52100 Kuala, Lumpur
Tel: (603)16243 5520
GST ID:001817907200
Invoice:
001-9823
Date: 2016-07-31 13:49:10
Q02 Oyster Nee SuayA /f
Di"
244.jpg,BOA TRADING,2018-07-09,14:47:04,MYR,Retail,376.42,22.58,399.0,90.3408,5.4192,95.76,CHEQUE,"[{""name"": ""EC-170"", ""qty"": 1.0, ""unit_price"": 376.42, ""total_price"": 376.42}]","BIZ UNK
SECURITY BOA TRADING lagzarzaed-mr
Lot TCO07 8.008. 3rd Floor SG. Wang Plaza
Tel/Fan: 03:2148 6630
GST NO: 000345100282
Date: 7/0/2018 Time: /2:47.04 PM
Tax Invoice
No: R10109
""Deserpion
TIMI "
245.jpg,YIN: HA: (M) SDN BHD,2016-07-19,09:25:00,MYR,Other,144.5,13.7,158.2,34.68,3.288,37.968,CASH,"[{""name"": ""TOILET BRUSH"", ""qty"": 1, ""unit_price"": 2.9, ""total_price"": 2.9}]","- YIN: HA: (M) SDN BHD: (974306-T)
NO:25 JALAN UDANO SIAR 29)
152000 KUALA LUMPUR. :
EG5T:REG:ND2:000119906304
Invoice: No.
:48333
#Date
„* 19 Jüi 2016 Öł925ön
Counter»
: 401
denttl
-6928835430158, HO"
246.jpg,Star 24,2016-06-03,12:42:06,MYR,Retail,32.7,2.7,35.4,7.848,0.648,8.496,CASH,"[{""name"": ""STORAGE BOX(SM)"", ""qty"": 2, ""unit_price"": 10.9, ""total_price"": 21.8}, {""name"": ""STORAGE- 8DX(SM)"", ""qty"": 1, ""unit_price"": 10.9, ""total_price"": 10.9}]","ENDS24 JALAN UDANG STAR 24)
TAMAN: SRI SEGAMBUT,
52000 KUALA LUMPUR.""
*GST REG NO. 000119906304
Invoice Woke
:44795
Date
.: 03 Jün 2016 12426pm
Counter
$ 401
9555112913331 STORAGE BOX(SM
9555112913331"
247.jpg,WONE AH LEK KAYA SPAO,2016-08-06,,MYR,Food & Beverage,25.11,,,6.0264,,,CASH,"[{""name"": null, ""qty"": null, ""unit_price"": null, ""total_price"": null}]","LOT P-TX 33198, BATU 4/
JALAN KAPAR, NUKTH KAPAR
2: 42100 KLANG, SELANGOR A
(21B1-TMN SRI, SINÄR
+ GST/ID.: ND10 000181747712
INVOICE ND 3:17682/102/TO515
07-1 3PN:
456116924
08-06-16
645 WONE AH LEK "
248.jpg,Were aran,,20:00,,Other,,,,,,,,"[{""name"": ""Groundin"", ""qty"": null, ""unit_price"": 23.2, ""total_price"": 23.2}, {""name"": ""ZURA: BT"", ""qty"": null, ""unit_price"": 210.0, ""total_price"": 210.0}]","Were aran
47800 Deta
1900
7726,
812
*******
12206/2026-133
3440024
pReceipt No
TAX: IN
VOICE
10-28-NORBA
138352
400001-HH
ORG-BL
E-STD
ASK
i 29:00-9
5:80)
20:00
ZURA: BT,
додри
Groundin
23:2034L
=
23."
249.jpg,Selayang Mall,,,MYR,Retail,,,223.3,,,53.592,,"[{""name"": ""WASHAML PEL3UZ"", ""qty"": null, ""unit_price"": null, ""total_price"": null}, {""name"": ""PESTICKER, US-SB"", ""qty"": null, ""unit_price"": null, ""total_price"": null}, {""name"": ""EMERGENCY LIGHT"", ""qty"": null, ""unit_price"": null, ""total_price"": null}, {""name"": ""X2"", ""qty"": null, ""unit_price"": 50.0, ""total_price"": null}]","G51
(SELAYANG MALL)
OICE-
-1.4- =-
0123240
2 WASHAML PEL3UZ
5rJD62/3
6/240%
:0064D38
PESTICKER, US-SB
LEPR2
20/800
9013039
USEMERGENCY LIGHT
NES172Arc20u
6939020440166
• Item 5)L
CARTOTAL INCL Y GST06"
250.jpg,DTY UTEM SLAL,,03:00 PM,,Food & Beverage,,,,,,,CASH,"[{""name"": ""ETNE FISH, HERR MEHOON"", ""qty"": null, ""unit_price"": null, ""total_price"": null}, {""name"": ""WATTE COFFEE COLDE"", ""qty"": null, ""unit_price"": null, ""total_price"": null}]","TAB
к 01807/0010042
ACASHIER 1266
BDT3- 08/057
16212,03,00 PM 5)
DTY UTEM SLAL
SAMOUN OSE
ETNE FISH, HERR MEHOON
110.90-5624
1C0 B0)55195
2130252
490 3r1
WATTE COFFEE COLDE
KUDÓN H"
251.jpg,Armatura,,,MYR,Retail,,,,,,,CASH,"[{""name"": ""MILTON NYLON BASKET"", ""qty"": 1, ""unit_price"": 8.82, ""total_price"": 8.82}]","cerptaran bandarsucana
47800 Petaling Jaya.
*Malaysia
тел: 03-2729 9662 Гаx.: 03-7726 8-24
*****
TAX INVDICE aBR
1**********
005214-13437ARMATZURA E10N
2002 k
tReceipt-No:
1591920
11213
(1) 400007-HH-"
252.jpg,Lorspeed Cante,,23:46:00,MYR,Food & Beverage,12.4,2.0,14.4,2.976,0.48,3.456,CASH,"[{""name"": ""Trer Ber Botll Bohl7 Aml4"", ""qty"": 1, ""unit_price"": 12.4, ""total_price"": 12.4}]","LORSPEED CANTE
LOT.P.T. 33198
BA
(JALAN KAPAR, HUKII KAPAR
*42100 KLANG, SELANGOR
W1558-TKN_ PUSAT: KEPONG
GST ID. NO
000181747712
INVOICE NO.
17796/103/T0356
09:46PM 5112
561915 250
20,09-16%
55% TRE"
253.jpg,,2018-05-28,20:15:00,MYR,Food & Beverage,78.3,,78.3,18.792,,18.792,,"[{""name"": ""SQUID S"", ""qty"": 1, ""unit_price"": 25.0, ""total_price"": 25.0}, {""name"": ""NOODLES S"", ""qty"": 1, ""unit_price"": 8.0, ""total_price"": 8.0}, {""name"": ""VEGETABLE S"", ""qty"": 1, ""unit_price"": 12.0, ""total_price"": 12.0}, {""name"": ""MEAT S"", ""qty"": 1, ""unit_price"": 22.0, ""total_price"": 22.0}, {""name"": ""RICE S"", ""qty"": 3, ""unit_price"": 1.5, ""total_price"": 4.5}, {""name"": ""OTHERS S"", ""qty"": 4, ""unit_price"": 1.7, ""total_price"": 6.8}]","(TAX INVOICE)
DATE 28/05/2018 MON TIME 20:15
TABLE
#12
SQUID S
RM25.00
NOODLES S
RM8.00
VEGETABLE S
RM12.00
MEAT S
RM22,00
3X
RICE S
0 1.50
4X
OTHERS S
01.70
11.00xITEMS
RM4.50
RM6.80
SUBTOTAL
TTL:
RM"
